:1000000008B5406803681B699847003818BF01208D
:1000100008BD10B51446406803685B6898472046E1
:1000200010BD7047004B184700000000004908470A
:10003000000000000148024B184700BF000000000C
:100040000000000070B504460D46164600214068C9
:10005000044B9847324629466068034BBDE8704020
:10006000184700BF000000000000000013B5064B59
:100070000C46012201A99847012812BF00209DF8D3
:100080000430237002B010BD0000000010B504461B
:100090000821024B9847204610BD00BF0000000019
:1000A000012A10B50C4602D10160002010BD022AC1
:1000B00005D0032AF9D0002AF7D10260F5E70146FE
:1000C000024B0420984723680360EEE7000000001D
:1000D000036808781847000038B50C1A002C13463E
:1000E00005DD014622461846024DA8470346181969
:1000F00038BD00BF00000000002810B506D001DAAE
:10010000034B9847034BBDE81040184710BD00BF94
:100110000000000000000000004B18470000000035
:10012000004B1847000000000A200021004B184730
:100130000000000010B58368044613B10322014695
:100140009847204610BD000010B50446034B40F808
:10015000043B034B9847204610BD00BF0800000039
:100160000000000010B50446034B984720461421B8
:10017000024B9847204610BD000000000000000020
:10018000D0E901239B1A0269B2EBA30F84BF0023BD
:100190004375407D7047D0E90132934218BF8360B8
:1001A0000023036183820360704710B5D0E90143E7
:1001B0001B1BB1EBA30F3DBF54F821300068D218D0
:1001C000002038BF801810BD70B5074E051D0446CD
:1001D00031462846054B9847002331462360284680
:1001E000034B9847204670BDBC040000000000008F
:1001F000000000002DE9F041002306460F46182BB1
:1002000006EB030801D1002004E0F558BD4203D1FC
:10021000D8F80400BDE8F0810833002DEFD1124B6F
:100220004FF48460C8F800709847104B04464FF4B0
:100230008062294640F8047B98474FF0FF33C8F8A6
:100240000440C4F80834B369C4F804540133C4F852
:100250000C54C4F81054C4F81454C4F81854C4F816
:100260001C54B361D4E700BF000000000000000090
:1002700070B5084D296811F0010408D1064B182209
:1002800018462146054EB047012384612B60024881
:1002900070BD00BF00000000000000000000000072
:1002A0000022C0E90022C0E9022202618282704776
:1002B00038B54FF4807200210C4B04460025984756
:1002C0004FF0FF330A49C4E94053C4F80851094BC1
:1002D00004F586709847C4E94655C4E94855064B6D
:1002E00004F594709847204638BD00BF0000000018
:1002F000BC040000000000000000000038B5044607
:1003000000F138054FF0FF3205494FF0FF33284622
:10031000884794F860412846024B9847204638BDEC
:100320000000000000000000002330B501258BB064
:1003300005AACDE90533CDE90733099303600261CE
:10034000836193FAA3F2436A0446CDE90122CDE921
:100350000322456103B19847044B84F8215001A85A
:1003600098470023A3610BB030BD00BF0000000020
:1003700010B5054C01213220A0472346BDE81040AE
:1003800000213320184700BF0000000070B50C4C5E
:1003900078B1002132200B4DA84701213320A84716
:1003A00009490A48A0470A4908480A4BBDE8704075
:1003B0001847094B984704490448A0470749F3E701
:1003C000000000000000000013000000000000001A
:1003D0000600000000000000000000000D0000000A
:1003E00010B50446006818B1A168024B091A984775
:1003F000204610BD0000000008B50248024B984797
:1004000008BD00BF000000000000000008B5024861
:10041000024B984708BD00BF00000000000000002C
:1004200030B5836885B003930023D0E900420D689E
:10043000CDE9014205604D6845608D688560C1E980
:1004400000338B6001A8024B984705B030BD00BF58
:100450000000000010B5D0E901431B1BB1EBA30F56
:100460003DBF036854F82110D218002038BF505CFB
:1004700010BD000008B5D0E90132D31AB1EBA30FCB
:1004800015D2114B00229847030612D58F2812D996
:100490009F2812D9BF2812D9C02807D0C12805D05B
:1004A000C3280ED9E02828BFE020C0B208BDC12073
:1004B000FCE70020FAE78020F8E79020F6E7A0208C
:1004C000F4E7C220F2E700BF0000000008B5024BCD
:1004D0000169984708BD00BF0000000073B50569B9
:1004E000D0E901639B1BB5EBA30F044603D30023A4
:1004F0004375002016E0012343750D4B9847D22821
:1005000005F1010310D1236156F825002268031D6F
:10051000134401A9024413F801099A4201F8010B9E
:10052000F9D1019802B070BD002223616275E0E745
:100530000000000073B50569D0E901639B1BB5EBB2
:10054000A30F044604D3002343750020002118E0C4
:10055000012343750E4B9847D32805F1010312D1AF
:100560006946236156F82500226800F10803134408
:10057000024413F801099A4201F8010BF9D1DDE9AF
:10058000000102B070BD002223616275DDE700BF8B
:100590000000000070B50669D0E901239B1AB6EB94
:1005A000A30F044603D300234375002008E0012570
:1005B000064B45759847C0282E4402D1284626612F
:1005C00070BD002326616375EFE700BF00000000E7
:1005D00008B5064B9847902806D02430C0B20128B1
:1005E0008CBF0020012008BD0120FCE700000000B6
:1005F00008B5064B9847802806D02230C0B20128A3
:100600008CBF0020012008BD0120FCE70000000095
:1006100070B50569D0E901639B1BB5EBA30F0446D8
:1006200003D300234375002011E0012343750A4BD7
:100630009847D12805F101030AD1236156F82520F6
:100640002368134498785B7863F30F2000B270BD81
:10065000002223616275E6E70000000073B50569BA
:10066000D0E901639B1BB5EBA30F044604D3002321
:1006700043759FED100A17E0012343750E4B984711
:10068000CA2805F1010311D1236156F8250022681B
:10069000031D134401A9024413F801099A4201F809
:1006A000010BF9D19DED010A02B070BD002223615A
:1006B0006275DEE70000000000000000000000009E
:1006C00073B50569D0E901639B1BB5EBA30F044625
:1006D00004D3002343759FED120B18E001234375EB
:1006E000114B9847CB2805F1010312D169462361CC
:1006F00056F82500226800F108031344024413F859
:1007000001099A4201F8010BF9D19DED000B02B0ED
:1007100070BD002223616275DDE700BFAFF300808A
:1007200000000000000000000000000038B505696E
:10073000D0E901239B1AB5EBA30F044603D3002392
:10074000437500200EE001234375094B9847E028CC
:1007500005F1010307D12361002229462046054BFC
:10076000984740B238BD002223616275E9E700BFB7
:10077000000000000000000038B50569D0E9012341
:100780009B1AB5EBA30F044603D300234375002047
:100790000DE001234375084B98476B1C024638B99E
:1007A000236129462046054B984700F07F0038BD5D
:1007B000002223616275EAE70000000000000000EB
:1007C00070B50569D0E901239B1AB5EBA30F044668
:1007D00003D30023437500200DE00126084B467526
:1007E0009847CC2805EB060306D1236132462946FB
:1007F0002046044B984770BD002223616275EAE7EA
:10080000000000000000000010B5D0E901431B1BF0
:10081000B1EBA30F37BF54F821300020D218036882
:100820003FBF991848789B5C40EA032010BD000048
:1008300070B50569D0E901239B1AB5EBA30F0446F7
:1008400003D30023437500200DE00126084B4675B5
:100850009847CD2805EB060306D123613246294689
:100860002046044B984770BD002223616275EAE779
:10087000000000000000000013B5D0E901431B1B7D
:10088000B1EBA30F10D254F8213001681A44131DA4
:100890000B4401A8114413F8012D8B4200F8012BE1
:1008A000F9D1019802B010BD0020FBE738B5424BEA
:1008B00004460D469847002877D08038C3B2602B95
:1008C00075D8602873D8DFE800F0707272727272A7
:1008D00072727272727272727272707272727272FA
:1008E000727272727272727272723F72727272721B
:1008F00072727272727272727272727272727272D8
:100900007272727272727272727270727072484F18
:10091000565D626935397431353974313539313361
:10092000373B3D484F56313531357000032038BDD7
:100930000420FCE70520FAE70620F8E70920F6E79F
:100940000A20F4E71220F2E70022294620461B4B3A
:10095000984700F01F000130E9E7012229462046B0
:10096000164B98470230E2E7012229462046144BF5
:1009700098470330DBE7012229462046114B984770
:100980000530D4E70122294620460C4BF0E701222E
:10099000294620460A4B98470430C8E701222946D9
:1009A0002046084B98470630C1E70120BFE70020EA
:1009B000BDE70220BBE700BF000000000000000010
:1009C000000000000000000070B50569D0E90123B7
:1009D0009B1AB5EBA30F044603D3002343750020F5
:1009E00013E00126124B46759847DC2805EB0603F9
:1009F0000CD0DD2811D0902815D123610022294682
:100A000020460C4B984700F00F0070BD3246294637
:100A100020462361084B9847F7E723613246294671
:100A20002046064BF7E7002223616275D7E700BF37
:100A300000000000000000000000000000000000B6
:100A400070B50569D0E901239B1AB5EBA30F0446E5
:100A500003D30023437500200DE00126084B4675A3
:100A60009847CE2805EB060306D123613246294676
:100A70002046044B984770BD002223616275EAE767
:100A8000000000000000000070B50569D0E90123F6
:100A90009B1AB5EBA30F044603D300234375002034
:100AA00013E00126124B46759847DE2805EB060336
:100AB0000CD0DF2811D0802815D1236100222946CF
:100AC00020460C4B984700F00F0070BD3246294677
:100AD00020462361084B9847F7E7236132462946B1
:100AE0002046064BF7E7002223616275D7E700BF77
:100AF00000000000000000000000000000000000F6
:100B000013B5D0E901431B1BB1EBA30F12D254F86C
:100B10002130016868461A4402F108030B4411446D
:100B200013F8012D8B4200F8012BF9D1DDE900010A
:100B300002B010BD00200021FAE7000070B5056981
:100B4000D0E901239B1AB5EBA30F044604D300237D
:100B50004375002001460DE00126094B4675984774
:100B6000CF2805EB060306D12361324629462046ED
:100B7000044B984770BD002223616275E9E700BF0E
:100B8000000000000000000010B5D0E901431B1B6D
:100B9000B1EBA30F3DBF036854F82110D218002019
:100BA00038BF505610BD000070B50569D0E901236B
:100BB0009B1AB5EBA30F044603D300234375002013
:100BC0000DE00126084B46759847D02805EB060333
:100BD00006D12361324629462046044B984770BD12
:100BE000002223616275EAE70000000000000000B7
:100BF00010B5084B04469847D62808D1064B012269
:100C0000204621699847431C5842584110BD002096
:100C1000FCE700BF000000000000000010B5084B1A
:100C200004469847D72808D1064B0122204621695F
:100C30009847431C5842584110BD0020FCE700BFB4
:100C4000000000000000000038B50C4B0446984737
:100C5000C72811D12569022229462046084B98470A
:100C6000013009D1074B0122294620469847A0F1BF
:100C70000C035842584138BD0020FCE7000000003A
:100C8000000000000000000010B5D0E901431B1B6C
:100C9000B1EBA30F3DBF036854F82110D218002018
:100CA00038BF505C10BD000038B5037D04460D46CA
:100CB0001BB1D0E90123934203D1002363750020C7
:100CC00038BD9B1A0269B2EBA30FF6D2044B9847CA
:100CD0002860637D002BF2D02046024B9847EFE757
:100CE000000000000000000038B5037D04460D46FA
:100CF0001BB1D0E90123934203D100236375002087
:100D000038BD9B1A0269B2EBA30FF6D2044B984789
:100D10002870637D002BF2D02046024B9847EFE706
:100D2000000000000000000070B5037D04460D4681
:100D30001BB1D0E90123934203D100236375002046
:100D400070BD06699B1AB6EBA30FF6D2012343755B
:100D50000C4B9847C22806F101030FD123610022F2
:100D600031462046084B984700F001002870637D0B
:100D7000002BE4D02046054B9847E1E70020236193
:100D80006075F3E7000000000000000000000000B4
:100D90002DE9F043037D04460E4685B01BB1D0E932
:100DA0000123934205D100236375002005B0BDE8FF
:100DB000F08305699B1AB5EBA30FF4D20127464BCC
:100DC00047759847DA28454B6CD00BD8A02824D01B
:100DD000D9284DD00022013541496275256101A80D
:100DE00098472FE0DB28F5D13D4901A898473A46BE
:100DF000204621693B4B984700250746DFF8FC80D9
:100E0000DFF8FC90AF4221691AD06A1D2046C04726
:100E1000014601A8C8470135F4E7314901A89847C0
:100E2000002220462169304B98470025DFF8CC800E
:100E3000DFF8CC9000F01F07EBB29F4221690FD87A
:100E400001312161294B01A930469847284B01A85F
:100E50009847637D002BA8D02046264B9847A5E7EE
:100E600001352A462046C047014601A8C847E3E7A6
:100E70001B4901A898473A46204621691A4B9847D2
:100E800000250746DFF87480DFF87490EBB2BB42B0
:100E90002169D5D2AA1C2046C047014601A8C847EF
:100EA0000135F3E70E4901A898473A4620462169E3
:100EB000114B984700250746DFF84080DFF8409047
:100EC000ABB29F422169BBD9EA1C2046C04701460C
:100ED00001A8C8470135F3E700000000000000004A
:100EE000BC04000000000000000000000000000042
:100EF00000000000000000000000000000000000F2
:100F0000000000002DE9F041037D04460E461BB1B0
:100F1000D0E90123934204D1002363750020BDE88A
:100F2000F08107699B1AB7EBA30FF5D20123437534
:100F30001F4B984707F1010890B11E4B022239461A
:100F40002046C4F81080984700231D46C6E90003D8
:100F5000B560637D002BE1D02046174B9847DEE754
:100F60002046164B984750B1154B02223946204671
:100F7000C4F8108098478D0801F00303E6E7204687
:100F8000104B9847054670B103223946094B20465D
:100F900098470B4B0546072239462046C4F8108077
:100FA00098470B46D2E703466075C4F81080CDE73A
:100FB0000000000000000000000000000000000031
:100FC000000000000000000010B50446006818B1E1
:100FD000A168024B091A9847204610BD0000000086
:100FE00010B50446064B00F596709847054B04F57E
:100FF0008C709847044B04F586709847204610BDC6
:101000000000000000000000000000002DE9F84F83
:101010006FF06043D0E9008A1546AAEB0802B3EBF3
:10102000A20F074689464FEAA20402D12748284B5F
:101030009847C24514BF22460122A418A1EB080B11
:101040002BD264B39C4228BF1C46224BA000984779
:101050000646214B042006EB0B0198472B68BBF199
:10106000000F03600BF10405AAEB090A19DD5A46CB
:1010700041463046194B98477019BAF1000F00EB02
:101080000A0503DD52464946154B9847B968404664
:10109000144BA1EB0801984710E01C46D5E7264603
:1010A000D7E7BAF1000F354404DD524649462846D9
:1010B0000B4B98475544B8F1000FE7D1C7E90065DD
:1010C00006EB8406BE60BDE8F88F00BFBE040000DA
:1010D0000000000000000000000000000000000010
:1010E00000000000000000002DE9F743044616460A
:1010F0000025184FDFF86080DFF860900160AE4295
:10110000A16801950FD8636851F8045CC91A891069
:1011100020460139B8472844831B5842584120755E
:1011200003B0BDE8F083E3688B420ED00420C847CB
:101130000560A3680433A360D4E90131C91A89109A
:1011400020460139B8470544D9E7194601AA201DB0
:10115000C047F1E7000000000000000000000000B0
:101160002DE9F041044600F130070E4615464FF0D8
:10117000FF334FF0FF32384606498847204629465C
:10118000054B40F8046B98473846BDE8F041034BE7
:10119000184700BF00000000000000000000000031
:1011A0002DE9FF4104468846002517461E46134B8D
:1011B00098474146C4E90455114B04F1180098477B
:1011C0000A9B1422E36204F1300329461846C4E95D
:1011D00009760C4DA8470C4B98470C490C4B01A8BD
:1011E0009847FF21204601AA0A4B98470A4B01A8BD
:1011F0009847204604B0BDE8F08100BF0000000021
:101200000000000000000000000000006504000075
:101210000000000000000000000000001FB50446B0
:101220000749084B01A89847FF21204601AA064B11
:101230009847064B01A89847002004B010BD00BF96
:101240004404000000000000000000000000000056
:1012500038B5044600F130054FF0FF3207494FF032
:10126000FF332846884724682846002CD4BF002432
:101270000124034B9847204638BD00BF0000000002
:101280000000000010B504461046D4E900236FF0BA
:1012900000449B1AE21A8A4201D2074B98479942AE
:1012A00038BF19465B1804D2A34228BF234618460C
:1012B00010BD2046FCE700BF000000002DE9F0470C
:1012C000D0E901739F4204468846DFF878A00AD02F
:1012D00039460120D04798F8003003706368013325
:1012E0006360BDE8F087134A0121134B9847134B05
:1012F000266881469847B91B014405460120D0471E
:1013000098F80030394603702A46DFF83C803046B2
:10131000C0473946421C3846C047074626B1A16837
:101320003046074B891B9847C4E900574D44A560D8
:10133000D7E700BFBE04000000000000000000006E
:1013400000000000000000000000000007B5044B92
:101350008DF807100DF10701984703B05DF804FB05
:101360000000000010B50446034BC0219847E36815
:101370000133E36010BD00BF000000002DE9F0471D
:10138000D0E901739F4204468846DFF878A00AD06E
:1013900039460120D04798F8003003706368013364
:1013A0006360BDE8F087134A0121134B9847134B44
:1013B000266881469847B91B014405460120D0475D
:1013C00098F80030394603702A46DFF83C803046F2
:1013D000C0473946421C3846C047074626B1A16877
:1013E0003046074B891B9847C4E900574D44A56018
:1013F000D7E700BFBE0400000000000000000000AE
:1014000000000000000000000000000037B50446A6
:101410000D46074BCC2198472046064B0DF107019E
:101420008DF807509847E3680133E36003B030BD9F
:10143000000000000000000013B5044601F07F0129
:101440008DF80710044B0DF107019847E36801334D
:10145000E36002B010BD00BF000000002DE9F047BE
:10146000D0E901739F4204468846DFF878A00AD08D
:1014700039460120D04798F8003003706368013383
:101480006360BDE8F087134A0121134B9847134B63
:10149000266881469847B91B014405460120D0477C
:1014A00098F80030394603702A46DFF83C80304611
:1014B000C0473946421C3846C047074626B1A16896
:1014C0003046074B891B9847C4E900574D44A56037
:1014D000D7E700BFBE0400000000000000000000CD
:1014E00000000000000000000000000073B5094B80
:1014F000CA2104468DED010A03259847064E01AB2B
:1015000059192046B047013DF9D2E3680133E36041
:1015100002B070BD0000000000000000F8B50546F4
:101520000E460324034F31192846B847013CFAD22E
:10153000F8BD00BF0000000013B504460191064B42
:10154000CE2198472046054B01A99847E36801330F
:10155000E36002B010BD00BF00000000000000000A
:1015600070B505460C46044E0131B0472146284669
:101570003346BDE870401847000000000F2913B53E
:1015800004460BD861F06F018DF804100D4B01A9D2
:101590009847E3680133E36002B010BDB1F5803FC6
:1015A000094B08D2ADF80410DC2198472046074BC0
:1015B00001A99847EDE70191DD2198472046044BAA
:1015C00001A9F6E700000000000000000000000094
:1015D0000000000013B50446ADF80610064BCD21FF
:1015E00098472046054B0DF106019847E368013303
:1015F000E36002B010BD00BF00000000000000006A
:101600007E2908B503D8094BC9B2984708BDFF2900
:1016100002D8074BC9B2F8E7B1F5803F03D2054BBA
:1016200089B29847F2E7044B9847EFE700000000C3
:1016300000000000000000000000000073B50C1E58
:1016400005461BDB7E2C04DC254BE1B2984702B03B
:1016500070BDE317B4F5807F73F1000202D2214B15
:10166000E1B2F3E7B4F5803F73F1000303D21E4B00
:10167000A1B29847EBE71D4B9847E8E714F11E0F1E
:1016800008DB8DF8044001A9194B9847EB6801333A
:10169000EB60DCE714F1800F164B06DBD021984796
:1016A00028468DF8044001A9EEE714F5004F124ECC
:1016B0000BDBD121ADF80440984728460DF1050118
:1016C000B047284601A9B047E0E70194D2219847E6
:1016D000032401AB19192846B047013CF9D2D5E7DC
:1016E00000000000000000000000000000000000FA
:1016F0000000000000000000000000002DE9F84F8D
:1017000004460D46DFF88CA001EB020BAB4501D17E
:10171000BDE8F88FD4E90183984509D041460120FE
:10172000D0472B7803706368013363600135EDE7C0
:10173000134A0121134B20469847134B27688146D3
:101740009847A8EB0701014406460120D0472B78B3
:101750004146037032460D4B384698474146421C7D
:101760000A4B40469847804627B1A1683846084B47
:10177000C91B9847C4E900684E44A660D6E700BF7D
:10178000BE04000000000000000000000000000097
:101790000000000000000000F7B58D6804461F2D12
:1017A0000F68174E0FD865F05F038DF8043001A95C
:1017B000144B98472A4639462046B047E368013320
:1017C000E36003B0F0BDFF2D0F4B06D8D921984739
:1017D00020468DF8045001A9EAE7B5F5803F08D20C
:1017E000DA2198472046094BADF8045001A99847E3
:1017F000E0E7DB2198472046054B019501A9F6E774
:1018000000000000000000000000000000000000D8
:101810000000000070B5044616461D46054B98476B
:1018200020463168044B984729462046034B984789
:1018300070BD00BF000000000000000000000000BC
:1018400038B504460A460B1D034D0221A847204621
:10185000024B984738BD00BF0000000000000000A8
:10186000F0B5364B06468DB008460D4614469847EF
:10187000B0B93349334B05A89847FD2305A9089310
:1018800009A8314B9847314D05A8A8472046304B51
:1018900008A9984709A8A847002528460DB0F0BD1B
:1018A00000272C4B284601A901979847019B0BB9AB
:1018B0002949DFE7012B01D02849DBE72846284BDF
:1018C0008DF8147005A99847054640B19DF814306D
:1018D0008DF82030F368002B25D1224B9847224900
:1018E000184B02A898470A222946204B08A8984777
:1018F0001F4B08A902A89847144D08A8A8471D4BDC
:1019000002A905A89847FD2305A9089309A80E4B2D
:10191000984705A8A84720460D4B08A9984709A84D
:10192000A84702A8B7E7336908A9301D9847124EA7
:101930002046B0472046B047AFE700BF0000000098
:101940000502000000000000000000000000000090
:1019500000000000000000002502000074020000EA
:1019600000000000000000008802000000000000ED
:1019700000000000000000000000000038B505690C
:10198000D0E901239B1AB5EBA30F044603D3002330
:10199000437500201CE001234375214B984728B371
:1019A00000F13403DBB2142B35D8CC38142832D8EC
:1019B000DFE800F01F22252B0F12151831313131CD
:1019C00031313131313131310B002046154B9847DF
:1019D00038BD2046144BFAE72046144BF7E7204663
:1019E000134BF4E72046134B9847F1E72046124B80
:1019F000EDE72046114BEAE72046114BE7E720468A
:101A0000104B984720EAE070E2E720460E4B9847DB
:101A10000029DDDABDE70023013563752561B8E7EC
:101A200000000000000000000000000000000000B6
:101A300000000000000000000000000000000000A6
:101A400000000000000000000000000038B5037D29
:101A500004460D461BB1D0E90123934203D1002374
:101A60006375002038BD9B1A0269B2EBA30FF6D252
:101A7000044B98472860637D002BF2D02046024B30
:101A80009847EFE7000000000000000038B5056946
:101A9000D0E901239B1AB5EBA30F044604D300231E
:101AA00043759FED2F0A21E0012343752D4B984785
:101AB000A8B100F13603DBB2162B4BD8CA38162872
:101AC00048D8DFE800F03B3F14171A1D2D3033369D
:101AD0004747474747474747474747472500204627
:101AE000214B984700EE100AB8EE400A38BD204658
:101AF0001E4BF6E720461E4BF3E720461D4BF0E752
:101B00001D4B204698471D4B984700EE100AEDE705
:101B100020461B4B984700EE100AB8EEC00AE5E7D6
:101B20002046184BF6E72046174BF3E72046174BA5
:101B3000F0E7174B20469847164BE5E72046164B33
:101B40009847D3E72046154B9847154B51EC100B9F
:101B50009847DAE70023013563752561A1E700BFE7
:101B60000000000000000000000000000000000075
:101B70000000000000000000000000000000000065
:101B80000000000000000000000000000000000055
:101B90000000000000000000000000000000000045
:101BA000000000000000000038B50569D0E90123FD
:101BB0009B1AB5EBA30F044604D3002343759FED96
:101BC0002C0B21E0012343752B4B9847A8B100F162
:101BD0003603DBB2162B46D8CA38162843D8DFE8BE
:101BE00000F0363E14171A1D282B2E314242424275
:101BF0004242424242424242230020461F4B984703
:101C00001F4B984741EC100B38BD20461D4BF6E7A3
:101C100020461D4BF3E720461C4BF0E71C4B2046AB
:101C200098471C4B9847EDE720461B4B98471B4BAA
:101C3000E7E720461A4BF9E720461A4BF6E720461D
:101C4000194BF3E7194B20469847194BEAE7204612
:101C5000184B9847184B10EE100A9847D2E72046C9
:101C6000164B9847D0E70023013563752561A6E739
:101C70000000000000000000000000000000000064
:101C80000000000000000000000000000000000054
:101C90000000000000000000000000000000000044
:101CA0000000000000000000000000000000000034
:101CB0000000000000000000000000000000000024
:101CC0002DE9F7430F69D1E901239B1AB7EBA30F65
:101CD00006460D4608D300234B75C0E900338360E8
:101CE000304603B0BDE8F0834FF001080846344B9E
:101CF00081F815809847C5284FF0000421D0C628E8
:101D00003BD0C42854D1C6E90044B46042462846BA
:101D10002969DFF8B880C0470746DFF8B490E3B21E
:101D20009F42296902D801312961D9E7A21C2846BE
:101D3000C0470DF107018DF807003046C847013450
:101D4000EDE7C6E90044B4604246284629691D4BC8
:101D500098470746DFF87480DFF87490A3B2BB425F
:101D60002969E0D2E21C2846C0470DF107018DF831
:101D700007003046C8470134F0E7C6E90044B460C4
:101D8000424628462969104B98470746DFF83C80B1
:101D9000DFF83C90A7422969C5D0621D2846C0479C
:101DA0000DF107018DF807003046C8470134F1E70F
:101DB00001376C752F61C6E90044B46090E700BF3D
:101DC0000000000000000000000000000000000013
:101DD0000000000070B5037D04460E4615461BB199
:101DE000D0E90123934203D100236375002070BD25
:101DF0009B1A0269B2EBA30FF6D2054B98473060ED
:101E0000637D002BF2D029462046024B9847EEE72F
:101E10000000000000000000F8B506460F46154619
:101E20000024AC4201D32046F8BD30682A1B036869
:101E300039199B6898470444F3E700002DE9F04303
:101E400000258846044685B0D0F8187404216846F9
:101E5000DFF870901646CDE90055CDE90255C84728
:101E600029466846124B984739466846114B9847B1
:101E7000114B41466846984729466846C847DDE900
:101E800000156D1A2A4620460C4B984785420C4A8D
:101E900004D06846904705B0BDE8F083D4F8183404
:101EA00068460133C4F8183490473760F3E700BF41
:101EB0000000000000000000000000000000000022
:101EC00000000000000000002DE9FF4700258946C2
:101ED00098460446D0F8187404216846DFF874A0C8
:101EE0001646CDE90055CDE90255D047294668464A
:101EF000134B9847134B394668469847124D49464D
:101F00006846A84701216846D04741466846A84729
:101F1000DDE900156D1A2A4620460C4B984785428C
:101F20000B4A04D06846904704B0BDE8F087D4F867
:101F3000183468460133C4F8183490473760F3E723
:101F40000000000000000000000000000000000091
:101F500000000000000000002DE9F04704460D4697
:101F600016461F46DFF8A0A0DFF8A09086B000F16B
:101F70002408642200234046D047002833D1236838
:101F80000224D3F8009001AACDE901402B46CDE907
:101F900003000590032102A8144DA847214602A87A
:101FA000134B9847316802A8124B984797ED000AE7
:101FB00002A8114B9847DDE90214641A0F4B224620
:101FC00048469847844208BFD9F8183402A804BF8D
:101FD0000133C9F818340A4B98474046094B06B0FC
:101FE000BDE8F0471847C847C3E700BF000000003E
:101FF00000000000000000000000000000000000E1
:1020000000000000000000000000000000000000D0
:102010002DE9F04704460D4616461F46DFF8A8A0F6
:10202000DFF8A89086B000F124086422002340461F
:10203000D047002838D123680224D3F8009001AAA1
:10204000CDE901402B46CDE903000590032102A80C
:10205000164DA847164B214602A89847317802A88A
:102060007E2994BF134B144B9847397802A87E29D8
:1020700094BF104B104B9847DDE90214641A0F4BC4
:10208000224648469847844208BFD9F8183402A827
:1020900004BF0133C9F81834094B98474046094B2F
:1020A00006B0BDE8F0471847C847BEE7000000008B
:1020B0000000000000000000000000000000000020
:1020C0000000000000000000000000000000000010
:1020D0002DE9F04F04460D4616461F4687B0DDF841
:1020E00040A0DFF8A4B0DFF8A49000F12408642237
:1020F00000234046D847002837D1236801AAD3F8E7
:1021000000900223CDE90300CDE9013005902B4674
:1021100002A80321164CA0470321164B02A898479A
:10212000154C96ED000A02A8A04797ED000A02A8F8
:10213000A0479AED000A02A8A047DDE90214641A3C
:102140000E4B224648469847844208BFD9F81834B7
:1021500002A804BF0133C9F81834094B9847404618
:10216000084B07B0BDE8F04F1847C847BFE700BFAE
:10217000000000000000000000000000000000005F
:10218000000000000000000000000000000000004F
:102190002DE9F04304460D461646DFF89490DFF82B
:1021A000948087B000F12407642200233846C84792
:1021B00000282ED1236801AAD3F800800223CDE99C
:1021C0000300CDE9013005902B4602A80321124CF3
:1021D000A04702A80121114B9847316802A8104B73
:1021E0009847DDE90214641A0E4B22464046984790
:1021F000844208BFD8F8183402A804BF0133C8F8D5
:102200001834094B98473846084B07B0BDE8F043EF
:102210001847C047C8E700BF0000000000000000EA
:1022200000000000000000000000000000000000AE
:10223000000000000000000008B5D1F804315A1C6D
:1022400009D0D1E946128A4205D0022B03D000689A
:10225000014B521A984708BD000000002DE9F041DB
:10226000044600F130070E4615464FF0FF334FF09D
:10227000FF3238460649884720462946054B40F834
:10228000046B98473846BDE8F041034B184700BF40
:1022900000000000000000000000000038B5044607
:1022A00000F130054FF0FF3207494FF0FF33284669
:1022B000884724682846002CD4BF00240124034BFF
:1022C0009847204638BD00BF000000000000000015
:1022D000034670B508465418D3F804148C421DD830
:1022E000B8B16FF003060432091A1A44F61AB51889
:1022F000A9420FD8D3F81024C3F8041494428DBF18
:102300000022121AC3F81024C3F8102488BFC3F89F
:10231000142470BD155C02F8015BE8E70020F8E7C3
:1023200010B5094B0022D0F80C14044698474FF022
:10233000FF33C4F808340023C4F80C34D4F81C3438
:102340000133C4F81C3410BD000000002DE9F04139
:10235000037D04460D4616461BB1D0E90123934286
:1023600003D10023637500202AE09B1A02694FEA1B
:10237000A308B2EBA30FF4D2124A134F136813F061
:10238000010302BF3B6001231360104B9847637D3C
:102390003860002BE7D023699845E2D90C4B2046E2
:1023A00098472860637D002BDDD00A4B2046291D0D
:1023B0009847637D002BD6D031462046064B984780
:1023C000BDE8F081000000000000000000000000F7
:1023D0000000000000000000000000007FB506467D
:1023E000134B14209847002504466946114B0420DE
:1023F000CDE90055CDE902559847066020460E4BC1
:102400000E4A039340F8042B0D4B02226946656087
:10241000C0E90155256102939847039B68462361F3
:10242000029BE360074B9847204604B070BD00BF95
:102430000000000000000000000000000800000094
:10244000000000000000000038B50569D0E9012354
:102450009B1AB5EBA30F044603D30023437500205A
:1024600013E001234375124B984758B100F1340330
:10247000DBB2032B17D8CD38022807D8DFE800F0ED
:10248000090C0F0020460B4B984738BD20460A4BDD
:10249000FAE72046094BF7E72046094BF4E72046C8
:1024A000084B9847F1E70023013563752561D6E7AE
:1024B000000000000000000000000000000000001C
:1024C000000000000000000070B5037D04460E46C9
:1024D00015461BB1D0E90123934203D10023637554
:1024E000002070BD9B1A0269B2EBA30FF6D2054B18
:1024F00098473060637D002BF2D029462046024B7E
:102500009847EEE700000000000000002DE9F041D0
:10251000D1F80C740446032F0D462A4E8CB006D811
:1025200020462949B04720460CB0BDE8F081D1F8DB
:10253000083433F00208F3D1244B06A89847244B03
:1025400006A898473A46234B291D06A8984748B93C
:102550002846214B984720461B49B0471F4B07A8E8
:102560009847E0E7184903A8B0476A461C4B01A901
:1025700006A8CDF80480984748B92846164B9847D6
:1025800020461149B047174B03A89847E6E7009B40
:1025900073B9019B042BF0D1134B03AA02A906A81F
:1025A00098470028E9D02046104B03A99847EAE74E
:1025B000022BE2D1019B032BDFD10D4B03A906A80F
:1025C0009847EEE700000000BC0400000000000097
:1025D00000000000000000000000000000000000FB
:1025E00000000000000000000000000000000000EB
:1025F00000000000F0B5D0F80051044687B01DB9C6
:102600000025284607B0F0BD00F5947630461E4BF5
:1026100098472A46214630461C4B98470028EFD061
:102620001B491C4B03A8984700236A460293304677
:10263000194B02A99847054620B90025174B03A856
:102640009847DEE7009FA7B9029B042BF5D13046DF
:10265000134B03AA01A998470028EED0114B03A9F8
:1026600004F586709847019BC4F80471C4F80831DA
:10267000E4E7022FE1D1029B032BDED130460A4B67
:1026800003A99847E8E700BF000000000000000031
:10269000BC0400000000000000000000000000007A
:1026A0000000000000000000000000002DE9F047DD
:1026B000374B064688B008460C46984704F586789E
:1026C00004F59477C0B94FF0FF333249C4E9413083
:1026D000C4F80001304B40469847304B3846984785
:1026E000D4E94632934218BFC4F81C310023C4F821
:1026F000243108B0BDE8F087D4E94632934218BFD0
:10270000C4F81C310023C4F82431D4F8043104F592
:102710008C7563B904212846214B9847012128462E
:10272000204B98472846D4F808111F4B984700249F
:10273000DFF888A006F10409D6F8F43A41469C4235
:1027400012D31A4B01A89847FE2301A9049305A8A8
:10275000174B98472846174B04A99847164C05A8CD
:10276000A04701A8A047C4E74846D04709F11C0983
:1027700058B11C232A46394603FB0464E069036808
:102780009B6808B0BDE8F04718470134D4E700BFA4
:1027900000000000BC040000000000000000000079
:1027A0000000000000000000000000000000000029
:1027B0000000000000000000000000000000000019
:1027C0002DE9F0411E46037D0446884617461BB19D
:1027D000D0E901359D4204D1002363750020BDE896
:1027E000F081ED1A0369B3EBA50FF5D2184B9847AA
:1027F000C8F80000637D002BF0D0237D002BEBD0C8
:10280000D4E901318B42E7D0C91A2369B3EBA10F98
:10281000E2D2104B204698473860637D002BDDD014
:10282000237D002BD8D0D4E901329342D4D0D21AE0
:102830002369B3EBA20FCFD2074B204698473060F5
:10284000637D002BCAD02046044B9847C7E700BFE2
:102850000000000000000000000000000000000078
:102860002DE9F043D0F8146404460F4690461D4607
:102870008BB096B14A4B04A898474A4B04A8984796
:10288000D4F81034211D19443246474B04A8984708
:1028900038B90026454B05A8984730460BB0BDE82F
:1028A000F0834FF00009424E03AB02AA01A904A82D
:1028B000CDF80490B04706460028EAD0039BBB42FF
:1028C000E7D1029B3B4F012B1BD02846FC233A4902
:1028D00040F8043B394B98472046D4F81024D4F8EC
:1028E0001414B847D4F810342BB94FF0FF32C4F8A1
:1028F0000C34C4F80824D4F81C340133C4F81C3454
:10290000C8E7019B042B05D02846FC232C4940F83E
:10291000043BDFE72B4B04A88DF800909847C028B4
:1029200031D19DF824301BB1DDE905239A4208D14D
:1029300000238DF825302846FC23234940F8043B2A
:10294000C8E79B1A089AB2EBA30FF1D21F4B04A859
:1029500098479DF825308DF80000002BEBD04146BC
:102960001B4B04A898470028E5D0D4F810242AB9B6
:102970004FF0FF33C4F80C24C4F808342046D4F8D0
:102980001414B84786E76A462946124B04A89847AC
:102990000028EAD12846FC230F4940F8043B99E778
:1029A0000000000000000000000000000000000027
:1029B0000000000000000000C40000000000000053
:1029C000DD00000000000000FA0000000000000030
:1029D00000000000000000001B0100002DE9F04392
:1029E000D0F8146404460F4690461D468BB096B14D
:1029F0004A4B04A898474A4B04A89847D4F8103487
:102A0000211D19443246474B04A8984738B900267F
:102A1000454B05A8984730460BB0BDE8F0834FF012
:102A20000009424E03AB02AA01A904A8CDF8049004
:102A3000B04706460028EAD0039BBB42E7D1029B81
:102A40003B4F012B1BD02846FC233A4940F8043B5E
:102A5000394B98472046D4F81024D4F81414B847BA
:102A6000D4F810342BB94FF0FF32C4F80C34C4F84A
:102A70000824D4F81C340133C4F81C34C8E7019B83
:102A8000042B05D02846FC232C4940F8043BDFE703
:102A90002B4B04A88DF800909847C02831D19DF8A1
:102AA00024301BB1DDE905239A4208D100238DF8BB
:102AB00025302846FC23234940F8043BC8E79B1AED
:102AC000089AB2EBA30FF1D21F4B04A898479DF8C8
:102AD00025308DF80000002BEBD041461B4B04A89D
:102AE00098470028E5D0D4F810242AB94FF0FF33D6
:102AF000C4F80C24C4F808342046D4F81414B84799
:102B000086E76A462946124B04A898470028EAD16E
:102B10002846FC230F4940F8043B99E700000000D9
:102B200000000000000000000000000000000000A5
:102B300000000000C400000000000000DD000000F4
:102B400000000000FA00000000000000000000008B
:102B5000000000001B0100002DE9F043D0F81464D0
:102B600004460F4690461D468BB096B14A4B04A8CA
:102B700098474A4B04A89847D4F81034211D1944AB
:102B80003246474B04A8984738B90026454B05A85C
:102B9000984730460BB0BDE8F0834FF00009424E35
:102BA00003AB02AA01A904A8CDF80490B0470646D9
:102BB0000028EAD0039BBB42E7D1029B3B4F012B8D
:102BC0001BD02846FC233A4940F8043B394B984730
:102BD0002046D4F81024D4F81414B847D4F810348C
:102BE0002BB94FF0FF32C4F80C34C4F80824D4F8E1
:102BF0001C340133C4F81C34C8E7019B042B05D0F6
:102C00002846FC232C4940F8043BDFE72B4B04A863
:102C10008DF800909847C02831D19DF824301BB121
:102C2000DDE905239A4208D100238DF82530284696
:102C3000FC23234940F8043BC8E79B1A089AB2EBEF
:102C4000A30FF1D21F4B04A898479DF825308DF8AB
:102C50000000002BEBD041461B4B04A898470028EE
:102C6000E5D0D4F810242AB94FF0FF33C4F80C246F
:102C7000C4F808342046D4F81414B84786E76A46E6
:102C80002946124B04A898470028EAD12846FC237D
:102C90000F4940F8043B99E70000000000000000E5
:102CA0000000000000000000000000000000000024
:102CB000C400000000000000DD0000000000000073
:102CC000FA0000000000000000000000000000000A
:102CD0001B01000038B50C1A134605D001462246E8
:102CE0001846024DA8470346181938BD00000000D9
:102CF00073B5D1E90023CB21CDE90023074B04466E
:102D000007259847064E0DEB05012046B047013DCB
:102D1000F9D2E3680133E36002B070BD0000000047
:102D2000000000002DE9F04F04460D4690468BB0A0
:102D30009946149BDDF85CA00193159BDFF8D4B095
:102D40000293169B2A4F039300F12406642200236A
:102D50003046D847002849D1236805AA1C680223B9
:102D6000CDE90700CDE9053009902B4606A80321DF
:102D7000204DA84706A806211F4B984798F8003019
:102D80000DF1130163F03D038DF8133006A81B4BC2
:102D90009847099B1A4D0133494606A80993A8474D
:102DA000019906A8A847029906A8A847039906A86A
:102DB000A847DAF8001006A8124B9847DDE9061577
:102DC0006D1A114B2A4620469847854208BFD4F811
:102DD000183406A804BF0133C4F818340B4B9847C5
:102DE00030460B4B0BB0BDE8F04F1847B847ADE786
:102DF00000000000000000000000000000000000D3
:102E000000000000000000000000000000000000C2
:102E1000000000000000000038B50C1A134605D071
:102E2000014622461846024DA8470346181938BDE8
:102E3000000000002DE9F74F9846002308F1010A31
:102E40009A45044689461746C0E90033836002DA92
:102E50002F48304B984713D02F4B50469847266841
:102E600005460246616830462C4B984726B1A1685A
:102E700030462B4B891B9847C4E900555544A56043
:102E80002046284B0DF1070107EB080B8DF8079042
:102E90009847BB4516D0D4E901639B1B9845DFF8E2
:102EA00090A0DFF8909011D8324659463846D04766
:102EB00062683146424462603046C847324639460D
:102EC0003846D047204603B0BDE8F08F4146164A49
:102ED000164B20469847104B80469847314602468D
:102EE00005462068C847594602463846D0476168BB
:102EF00002463046C8470646206818B1A168084B0C
:102F0000091A9847C4E900564544A560DAE700BFAE
:102F10009404000000000000000000000000000019
:102F20000000000000000000A404000000000000F9
:102F300000000000000000002DE9F8430D69D1E910
:102F400001239B1AB5EBA30F06460C4605D30023BD
:102F50004B75C6E90033B36026E0012308464B7584
:102F60004C4B9847C7386F1C112800F28F80DFE860
:102F700000F05A6F7E8D8D8D8D8D8D8D8D8D8D098F
:102F80001E2D3C4B01222946434B204698470222E6
:102F9000424B804629462046276198470123024636
:102FA000414630463E4CA0473046BDE8F8830122FA
:102FB0002946394B204698470222384B80462946FD
:102FC00020462761984702230246E9E70122294665
:102FD000314B204698470222304B804629462046F6
:102FE0002761984704230246DAE7012229462A4B43
:102FF000204698470222294B8046294620462761D1
:10300000984708230246CBE701222946224B204657
:1030100098470222214B804629462046276198473F
:1030200010230246BCE7012229461E4B2046984742
:103030000222814629462046174B984703228046A4
:103040002761164B2946204698474B460246A7E77C
:1030500001222946144B20469847032281462946DF
:1030600020460D4B9847042280462761E9E701225C
:1030700029460E4B20469847052281462946204680
:10308000054B9847062280462761DAE7002327612F
:1030900063755EE700000000000000000000000013
:1030A0000000000000000000000000000000000020
:1030B0002DE9FF417C4B04469847C028054604D1C2
:1030C00020467A497A4B984730E0C22803D12046FF
:1030D0007849794BF7E7E0B100F13403DBB2072B15
:1030E00017D9E02815D0CA2817D0CB2833D1237D93
:1030F000CBB1D4E901239A4215D09B1A2269B2EBD5
:10310000A30F10D26D4B204698476D4B83ED000BFB
:103110001AE020466B496C4BD5E7237D1BB1D4E9FF
:1031200001239A4205D100236375002004B0BDE855
:10313000F0819B1A2269B2EBA30FF4D2634B2046B5
:103140009847634B83ED000A637D002BEDD020464A
:10315000604B9847EAE7A0281FD000F12703DBB2B5
:10316000022B1AD900F13C03DBB2022B26D92046F0
:10317000594B9847064600284ED00025574B20460D
:10318000019501A998472B46554FDFF8BC813B605C
:10319000019B9D4238D33046C8E7524D2B68DB0770
:1031A00008D4514B514952489847012351482B604C
:1031B000514B984720464E49504B84E750490B6885
:1031C00013F0010308D14F4A4F48C2E9003393601E
:1031D00001230B60484B9847237D002BA3D0D4E9F3
:1031E00001239A429FD09B1A2269B2EBA30F9AD275
:1031F000214601A8454B9847424801A9444B9847AE
:10320000444B01A898479FE72046C04700288DD02F
:103210003B6801350133BAE720463F4B984718B168
:1032200020463E493E4B4EE705F12C03DBB2042B12
:1032300015D93935EDB2022D11D92046394B9847B1
:1032400048B92046384B984728B92046374B98470D
:1032500000283FF46AAF20463549364B33E73649FC
:103260000B6813F0010308D1344A3548C2E9003332
:10327000936001230B60204B9847237D002B3FF484
:1032800052AFD4E901239A423FF44DAF9B1A226911
:10329000B2EBA30FBFF447AF214601A8294B9847D3
:1032A000264801A9AAE700BF0000000000000000B6
:1032B000000000000000000000000000000000000E
:1032C00000000000000000000000000000000000FE
:1032D00000000000000000000000000000000000EE
:1032E000000000000000000000000000BC0400001E
:1032F00000000000000000000000000000000000CE
:1033000000000000000000000000000000000000BD
:1033100000000000000000000000000000000000AD
:10332000000000000000000000000000000000009D
:10333000000000000000000000000000000000008D
:103340000000000000000000000000002DE9F04F28
:10335000D0F80C340446032B89B02BD9D0F81434A0
:10336000002B50D1D0F810544FF0FF3302A8009337
:103370003C4B98470027DFF80491DFF804A1D4F80C
:103380000424EB1993423BD202A8C8477E1C211D9E
:103390003246354B294402A8984748B1334B02A81E
:1033A000984748B92A4601212046314B98473E4666
:1033B0003746E4E70025D7E700272E4B01A902A8EE
:1033C000019798470028F3D06FF00103DDF80480DF
:1033D000DFF8B0B00093B84518D1009B012B22D084
:1033E000022B2DD013B9B8F1040F35D0204B2A464B
:1033F000314620469847D4F81C340133C4F81C34B5
:103400001D4B03A8984709B0BDE8F08F2FB102A863
:10341000D8470028CCD00137DDE7694602A8D0475D
:103420000028F4D0F7E7B8F1040FDFD11DB9C4F8D4
:103430000834C4F80C64C4F81054C4F81464DFE70A
:10344000B8F1030FD2D11DB9C4F80834C4F80C6424
:103450002E44C4F81064D3E7002DF9D1C4F8085401
:10346000F4E700BF000000000000000000000000C2
:10347000000000000000000000000000000000004C
:10348000000000000000000038B504460068036832
:103490005B69984790B1D4F80434B3F5806F0DD0D0
:1034A000214651F8040B02681944D568C3F58062BF
:1034B000A847D4F804340344C4F804342046014B2C
:1034C000984738BD000000002DE9F043064685B05E
:1034D00000682A4B0D4690469847316801A8284B52
:1034E0009847284C284901A8A04738B10024274B09
:1034F00001A89847204605B0BDE8F0834046224920
:10350000A047044698B9DFF88C90371DD6F8F43AF6
:103510009C42EBD2384601A9C84710B901341C3788
:10352000F4E7414607F10C00C8470028F6D03068A0
:10353000D0F8083433F002031CD1D0F80C140A1F61
:10354000FC2A19D82B46C21C6C1812F8016F03F81C
:10355000016BA342F9D14FF0FF330022C0F80834C9
:10356000C0F80C240A4B9847041E18BF0124C5F864
:103570000001BCE70020F7E71846F5E7000000006F
:103580000000000000000000BC040000000000007B
:1035900000000000000000002DE9F04100F11006DD
:1035A0000446D4B0642200233046DFF89880C04738
:1035B000C8B9194B04A8984765681849184B01A861
:1035C00098472846174B01AA04A998470746164B67
:1035D00001A89847154D304647B9A847144B98475E
:1035E000144B04A8984754B0BDE8F081A847606820
:1035F000114B04A99847114F04F1240664220023BB
:103600003046C04730B960680D4B04A99847304632
:10361000A847E5E7B847F1E7000000003F010000D8
:10362000000000000000000000000000000000009A
:10363000000000000000000000000000000000008A
:10364000000000000000000008B5054B9847054841
:10365000054B984710B10348044B984708BD00BF7D
:10366000000000000000000000000000000000005A
:103670002DE9F04100F110060446D4B06422002385
:103680003046DFF89880C047C8B9194B04A898475E
:1036900065681849184B01A898472846174B01AA96
:1036A00004A998470746164B01A89847154D304680
:1036B00047B9A847144B9847144B04A8984754B0EF
:1036C000BDE8F081A8476068114B04A99847114FE5
:1036D00004F12406642200233046C04730B96068F4
:1036E0000D4B04A998473046A847E5E7B847F1E7EE
:1036F00000000000BC04000000000000000000000A
:1037000000000000000000000000000000000000B9
:1037100000000000000000000000000000000000A9
:1037200008B5054C054D064E2046A84708B1204671
:10373000B047044B9847F7E7000000000000000086
:103740000000000000000000F8B50E4604461746D1
:103750001D460068094B984731462B46084E3A46AD
:103760002068B047064638B1294651F8043B44F872
:10377000043F201D034B98473046F8BD0000000071
:1037800000000000000000002DE9F04F0122044677
:103790000F4689B000F11403D3E8EF1F002903D1CD
:1037A000C3E8E52F002DF7D12ED1DFF8C480274DD7
:1037B00064220023E06AC04700282AD1636A04F12A
:1037C0001002186804F11801214B9847214DE06A56
:1037D000A847DFF87890DFF89CA0DFF89CB064225F
:1037E0000023A06AC047B0B904A8D0473A4621696F
:1037F000606A04ABD847184E78B9A06AA847174B3F
:10380000984705A8B047EAE7154B09B0BDE8F04F67
:103810001847A847CCE7C847E1E7A06AA847049D36
:1038200005A9104B01A89847294601AA0E4B20462E
:10383000984701A8B04705A8B04720460B4B9847CA
:1038400080F00100C0B209B0BDE8F08F00000000B8
:103850000000000000000000000000000000000068
:103860000000000000000000000000000000000058
:103870000000000000000000000000002DE9F04FF3
:10388000012204460F4689B000F11403D3E8EF1F6C
:10389000002903D1C3E8E02F0028F7D10CBF15465B
:1038A000002541D1DFF8E0802D4D64220023E06A3D
:1038B000C047002848D1606A636C0068294D04F154
:1038C000100204F11801A847E06A274DA847DFF865
:1038D0009090DFF8B8A0DFF8B8B064220023A06AA7
:1038E000C047002839D104A8D0473A462169606A08
:1038F00004ABD8471D4E002828D0A06AA847049DD5
:103900001B4B05A901A8984729461A4B01AA204636
:10391000984701A8B04705A8B0472046164B9847DE
:1039200080F00100C0B20CE01449154B04A8984780
:10393000FF2120460F4B04AA98470C4B04A8984738
:10394000284609B0BDE8F08FA847AEE7A06AA847AF
:103950000C4B984705A8B047BFE7C847BDE700BF75
:103960000000000000000000000000000000000057
:1039700000000000000000000000000044040000FF
:103980000000000000000000000000000000000037
:1039900000000000F8B50E46044617461D460068B4
:1039A000094B984731462B46084E3A462068B047A7
:1039B000064638B1294651F8043B44F8043F201D1F
:1039C000034B98473046F8BD00000000000000009F
:1039D0000000000000232DE9F0470122044688B0D2
:1039E0008DF8003000F11403D3E8EF1F002903D154
:1039F000C3E8E52F002DF7D13BD1294F294D642293
:103A00000023E06AB84700283FD1636A04F110023E
:103A1000186804F11801244B9847244DE06AA84720
:103A2000DFF88080DFF8A090DFF8A0A064220023F8
:103A3000A06AB847002831D104A8C8476A4621695E
:103A4000606A04ABD0471A4E08B3A06AA847049D29
:103A500005A9184B01A898472946174B01AA2046EB
:103A6000984701A8B04705A8B0472046134B984790
:103A700001E0134B98470E4D04F11800A847201D94
:103A8000A847204608B0BDE8F087A847B7E7A06A76
:103A9000A8470C4B984705A8B047C7E7C047C5E7FC
:103AA0000000000000000000000000000000000016
:103AB0000000000000000000000000000000000006
:103AC00000000000000000000000000000000000F6
:103AD0002DE9F04F044600F11008A1B05E4E4046BB
:103AE00004F124090D4604F13807B0474846B047B1
:103AF0003846B0472046594B9847002840F0A780E9
:103B00004FF0FF324FF0FF33554938468847A068E1
:103B100029460368534DDB699847A06803689B6A90
:103B20009847002800F09680A0684F490368252236
:103B30005B6898474D4E0820B0474D4AA368E06047
:103B4000C0E900231420B0470546D4F80CA0DFF8E4
:103B500060B1D8475146DFF85CA1D0472B4643F807
:103B6000040B1846434B9847256040F6F820B047B1
:103B70000646E568D8472946D047354645F8040B40
:103B80003D4B40F6F42200212846DFF82CB1DFF847
:103B90002CA1984706F6F423594628460993D047A6
:103BA00005F10C005946D047099B1C359D42F3D1C5
:103BB00000256660C6F8F45A304B29464FF4FA7077
:103BC00098470146206500220023CDE906230523FE
:103BD0004FF4FA72CDE90253CDE90055284B294E36
:103BE000049504F15800B047E064274B27499847F3
:103BF00027490BA88DF82B50D047CDF800904346AD
:103C00000BA92268234D0EA8A847234B0DF12B01C9
:103C10000EA8984708B19DF82B00204B84F860014E
:103C20000EA898471E4D0BA8A8471E490EA8D047BE
:103C30004FF480730BAA0EA920460B931A4B98479A
:103C40000EA8A8473846194B98479DF82B0021B07D
:103C5000BDE8F08FA84760E700000000000000000A
:103C6000000000000000000048010000000000000B
:103C7000080000000000000000000000000000003C
:103C80000000000000000000000000006E010000C5
:103C900075010000000000000000000000000000AE
:103CA000000000007D010000000000000000000096
:103CB0000000000000000000BC0400000000000044
:103CC0002DE9F04F012204468A4689B000F1140321
:103CD000D3E8EF1F002903D1C3E8E52F002DF7D16A
:103CE00032D1DFF8E8802D4D64220023E06AC0471E
:103CF00000282ED1636A04F11002186804F118013B
:103D0000274B9847274EE06AB047DFF89090DFF8DE
:103D1000C0B064220023A06AC047E0B9224B04A8C7
:103D20009847656A27692868D847394652461F4F21
:103D3000286804ABB8471E4F78B9A06AB0471D4B3E
:103D4000984705A8B847E4E71B4B09B0BDE8F04F1A
:103D50001847A847C8E7C847DBE7049B05A945F80B
:103D6000043F281D154B9847A06AB047049D05A93C
:103D7000134B01A89847294601AA124B20469847A1
:103D800001A8B84705A8B84720460F4B984780F0D0
:103D90000100C0B209B0BDE8F08F00BF0000000014
:103DA0000000000000000000000000000000000013
:103DB0000000000000000000000000000000000003
:103DC00000000000000000000000000000000000F3
:103DD000000000002DE9F8431A4B04460F469847AF
:103DE000064618B900263046BDE8F883237D1BB18E
:103DF000D4E901239A4215D1002565750023984620
:103E0000DFF84C90A8453B60EDD02046C84700281D
:103E1000E8D02046C8470028E4D03B6808F10108F4
:103E20000133EFE79B1A2269B2EBA30FE4D2064BF2
:103E300020469847637D0546002BDFD02046034B84
:103E40009847DBE7000000000000000000000000D1
:103E50000000000010B5124A13680133012B1360F3
:103E600007D1104B104A1A600022C3E907221A76C4
:103E70005A6204210D480E4B98470C490D4B0E48D1
:103E8000984700220D4B0E49C3E906221A601A62B8
:103E90000C480D4B9847BDE810400C480C4B184798
:103EA0000000000000000000000000000000000012
:103EB0000000000000000000000000000000000002
:103EC00000000000000000000000000000000000F2
:103ED0000000000008B5044A1368013B136013B9E1
:103EE0000248034B984708BD000000001C0000007A
:103EF00000000000F8B50124074D084E084F284681
:103F00002146B0472846B84720B10134E4B27F2C9F
:103F1000F5D100242046F8BD00000000000000009C
:103F200000000000000000002DE9F043844C93B035
:103F3000237813B18348844B9847844FB847844A09
:103F400006461368C31A632B19D910602278814B77
:103F5000814C002A59D081490FA89847794B804855
:103F60001A6D804D08925A6D9B6D0A920C930CABA2
:103F7000009308AA0AAB0FA9A8470FA8A0477A4D3B
:103F8000DFF86882DFF868922846C04704460028B8
:103F900045D1764A1368F31AB3F57A7F70D3744D1E
:103FA000DFF8B0812B781660002B3FD0B8476B6BE1
:103FB000C01A41F28733984238D801236D490FA8BF
:103FC0008DF81330C04728466B4B98476B4B2846FB
:103FD0008DED060B984795F858308DED080B002BAA
:103FE00040F099800020002195F86830CDE90A0161
:103FF000002B29D00023286F85F86930604B984743
:10400000604F0022604BB84720E060490FA89847F6
:104010005F4D604B604A52480FA9A847ADE728465C
:10402000C8475E4BC1B252489847ADE7002351499B
:104030000FA88DF81330C04700220023CDE90623D6
:10404000CDE90823CDE90A2300200021002385F8CB
:104050008930D5F89030CDE90C01059305AB039379
:104060000CAB02930AAB019308AB3D4800934C4D57
:1040700006AB0DF113020FA9A847374B0FA89847BD
:10408000484A1368F31AB3F5FA6F41D3082516604E
:10409000454F464E0E20B847044432200021B04719
:1040A000013DF7D1002CB8BF0734E4104048414B24
:1040B0000A949847404B00213D48984710EE105A0B
:1040C0008DED0C0A3D493E4E3E48B0470A2221463E
:1040D0003D4B3C4898473D493A48B0473C4B284601
:1040E00098473C4B41EC100B0221364898473A491F
:1040F0003A4B344898473A49164B0FA89847394CE1
:1041000017480CAB0AAA0FA9A047134B0FA8984752
:1041100013B0BDE8F083286E194B85F859409847D5
:1041200005A3D3E90023304FB8470022164B154FA3
:10413000B84759E7AFF300806F1283C0CAA1FD3FB3
:10414000000000000000000000000000000000006F
:10415000000000000000000000000000F204000069
:10416000000000000000000000000000000000004F
:104170000000000006050000000000000000000034
:10418000000000000000000000005940FB04000097
:10419000000000000000000000000000000000001F
:1041A000000000000000000000000000000000000F
:1041B0000000000000000000000000000F050000EB
:1041C00000000000000000000000000024050000C6
:1041D00000000000000000002C05000000000000AE
:1041E0002F0500000000000000000000000000009B
:1041F000000000002DE9F04F9F48A04EAFB0A04C4A
:10420000B047A04F4FF0FF324FF0FF339A48B84706
:1042100094F834829C4D04F50870B346A8479B4E31
:10422000DFF80493B8F1000F16D14FF0FF334FF0D1
:10423000FF3204F50870B8472069954B984700286D
:1042400040F07C814FF4E1312069B047002840F014
:10425000758104F50870A8478E4C01213220A047D3
:1042600001213320A0478C4B984700210E20A04706
:104270008A488B4B98470C2188488A4B98478A4834
:104280008A4B98470022012189488A4B98478A4CDB
:104290002070002840F09A818849894C7848A047CE
:1042A0000021884B42F21070984701228048114645
:1042B000854B98470122854B854971481A70A04764
:1042C000844D854B98478548854B98472C4640F24E
:1042D0001342844B4FF41651834898474FF4E13111
:1042E0002846B04700260DF1180880494046C847C7
:1042F0004FF0FF324FF0FF3305F13800B8477C49EB
:1043000009A8C84754F8103B7A4A1CA80393DFF861
:1043100014A2904709A9CDE9206622A8D047039BA3
:104320001422CDE9253405F124033146279328A82A
:10433000714B984728A8CDF8B480D8476F4915A885
:10434000C847FF216E4B15AA1CA898476D4C15A8AD
:10435000A0476D4B0DF117011CA89847002843D0CA
:104360009DF81730002B3FD068490CA86D68C847EE
:1043700041460FA8D0470CA912A8D047D5F8F43A67
:10438000632B2BD805F10409CB46D5F8F43A604AE3
:104390009E42C0F031810FA915A8D04712A918A8D4
:1043A000D0475C4B5C4898471B90D5F8F46ADFF81F
:1043B0007CA1731CC5F8F43A1C235E4315A909EBD4
:1043C0000600D04706F10C0018A94844D0471B9BB3
:1043D0003544EB6118A8A04715A8A04712A8A0472C
:1043E0000FA8A0470CA8A04700238DF83C3001235C
:1043F00021A9D1E8EF2F002A03D1C1E8E03F00282E
:10440000F7D140F00381454D642200232798B84737
:10441000002840F0188125982D9B0068404D20AA67
:1044200022A9A8472798184DA8473C4EDFF8C4900A
:10443000DFF8FCA0642200232698B847002840F04B
:104440000B8115A8C8472099259815AB0FAAD0470E
:10445000002800F0FA802698A847159D16A9314B30
:1044600012A898472946264B12AA1CA8984712A8BA
:10447000A04716A8A0475DE0200200000000000051
:10448000000000000000000000000000000000002C
:10449000000000000000000000000000000000001C
:1044A000000000000000000000000000000000000C
:1044B00000000000000000000000000053050000A4
:1044C00000000000000000000000000000000000EC
:1044D0008F05000000000000000000000000000048
:1044E000000000000000000000000000F7050000D0
:1044F000010600000000000000000000650400004C
:10450000000000000000000000000000BC040000EB
:10451000000000000000000000000000000000009B
:10452000000000000000000000000000000000008B
:1045300000000000494B1CA8984772E00023256941
:1045400047498DF83C3015A8C84705F1240300936E
:104550002A6805F1100315A9424D1CA8A847424B33
:104560000FA91CA8984708B19DF83C00DFF844A1AA
:1045700084F834021CA8D047DFF83C8115A8C04756
:104580003A493B4B12A8984725693A49384B15A838
:10459000984705F1240300932A6805F1100315A933
:1045A000304D1CA8A84712A9334B1CA898470546B4
:1045B0001CA8D04715A8C04785F001052F48304BEF
:1045C00084F83552984712A8C04745E6DFF8EC80DA
:1045D0002C492D48C0470A2221782B482B4CA04754
:1045E0002B4B98472B4D2C4928702748C047102249
:1045F00029782548A04763E658460FA990470BF154
:104600001C0B00287FF4EAAE0136BEE62349184BA6
:1046100015A898471CA8FF21214B15AA984715A853
:10462000A04722A8A0471DA8A04709A8A047144B4F
:104630001C4898474046A0471B4913481B4B2FB0C6
:10464000BDE8F04F1847A847DEE62698A847184B64
:10465000984716A8A047EDE6B047EBE6000000003B
:104660003B0500000000000000000000BC0400004A
:1046700000000000490500000000000020020000CA
:1046800000000000A3050000000000000000000082
:104690000000000000000000C60500004404000007
:1046A00000000000380000000C06000000000000C0
:1046B00000000000000000000000000000000000FA
:1046C000002070470368C9B21B68184703680121BE
:1046D0001B6B184710B403689C6B0123A4465DF85C
:1046E000044B6047B0F83A31B0F83E21981A80B2D6
:1046F00070477047C0F850127047C0F84C127047AE
:10470000D0F84802004B18470000000007B5054BE1
:104710008DF8071001220DF107012030984703B0F2
:104720005DF804FB00000000014B2030184700BF7B
:104730000000000007B5084B01220DF1070100F54C
:104740009A70984720B19DF8070003B05DF804FB0C
:104750004FF0FF30F9E700BF0000000008B5FF236D
:1047600001220B701030024B9847002008BD00BF9B
:104770000000000007B5084B01220DF1070100F50C
:104780009A70984720B19DF8070003B05DF804FBCC
:104790004FF0FF30F9E700BF0000000070B504469D
:1047A0000D460368DB699847064BD4F84802E5825A
:1047B000A361836804F11001DB6813B1BDE87040A8
:1047C000184770BD040000000B4B99420FD00B4BF3
:1047D00099420ED00A4B994214BF01210321D0F80F
:1047E0004802836849001B6841F010011847012105
:1047F000F5E70221F3E700BFA0860100801A06005A
:1048000040420F002DE9FF410446002300F59A774E
:10481000009300F59C78B4F84031B0F838010E46AA
:10482000C01AD4F8441180B20B1A934228BF134621
:10483000144D6A4641463846A847054648B9002502
:104840002A4641463846104B9847284604B0BDE8F2
:10485000F081009B002BF2D0CDE901350323D4F881
:1048600048028DF80C309DF80C30826843F002034A
:104870008DF80C3094683346012201A9A047002826
:10488000DDD1DDE7000000000000000070B5C38A44
:10489000044663B1D0F8480204F1100583681B692F
:1048A0000BB129469847002323616B60AB60D4F8B5
:1048B0004802024BBDE87040184700BF00000000EE
:1048C0000023F0B585B0428D0093C38C00F12A0718
:1048D0009B1A026B9BB2934200F12006044628BF4C
:1048E000134639466A463046104DA8470546009A99
:1048F000D4F84802CDE901250222A38B8DF80C20C3
:104900009DF80C20816842F002028DF80C208C6822
:10491000012201A9A04704462A4639463046044BE5
:104920009847201E18BF012005B0F0BD0000000010
:104930000000000003460020C3E94A00C3F830012C
:1049400070470023C161C0E90933C0E94E33C36237
:10495000C0F8403170470000002230B54FF47A743F
:10496000C0E9012404460E4D44F8105B0261C4E91D
:104970000122C0E9921200F13401C0E908124FF49B
:10498000807100F5A474C0E90A22C0E94D42C0E973
:104990004F22C0F850220163C0F8441130BD00BF5F
:1049A0000800000013B5D0F8503204468DF80720F7
:1049B0005BB1B4F83E21B0F83A01801A80B2D4F865
:1049C0004421411C914200D998470122054B0DF129
:1049D000070104F59A709847B0FA80F04009404208
:1049E00002B010BD000000000A46024B014610381C
:1049F000184700BF0000000038B514460022D0F868
:104A00004C32C0E9092200F12005C26203B1984787
:104A1000FF230122237021462846024B984700209D
:104A200038BD00BF000000000A46024B01461038A6
:104A3000184700BF0000000008B5D0F850223AB176
:104A4000B0F83A31B0F83E11581A80B200B1904730
:104A5000002008BD0146014B103818470000000037
:104A600010B50D4A13680133012B136007D10B4BAE
:104A70000B4A1A600022C3E907221A765A620949D2
:104A8000094B0A4898470A490A489847BDE8104028
:104A900009490A48184700BF000000000000000054
:104AA0000000000000000000000000000000000006
:104AB00000000000000000000000000000000000F6
:104AC00008B5044A1368013B136013B90248034B4D
:104AD000984708BD000000001C0000000000000016
:104AE000704707B503688DF8071001225B680DF168
:104AF0000701984703B05DF804FB0000004B18471E
:104B000000000000004908470000000038B50C1AFA
:104B1000002C134605DD014622461846024DA847E3
:104B20000346181938BD00BF00000000002810B56A
:104B300006D001DA034B9847034BBDE810401847F5
:104B400010BD00BF0000000000000000004B18472F
:104B50000000000010B500F130044FF0FF33204694
:104B60004FF0FF32034988472046BDE81040024B12
:104B7000184700BF000000000000000010B500F161
:104B800030044FF0FF3320464FF0FF32034988478F
:104B90002046BDE81040024B184700BF000000004F
:104BA0000000000070B5044600F508764FF0FF32B3
:104BB0004FF0FF33304613498847D4F81C32124A6D
:104BC00023B9304690474FF0FF3070BDD4F81C3207
:104BD000ABB1D4F8183223441D7DD4F81832013318
:104BE000C3F30803C4F81832D4F81C32013BC4F8EC
:104BF0001C323046D4F81C329047E8B2E5E74FF05B
:104C0000FF35F6E7000000000000000038B504465C
:104C100000F508754FF0FF334FF0FF3228460A4980
:104C20008847D4F81C325BB1D4F81C3243B1D4F8B5
:104C300018321C44247D2846044B9847204638BD32
:104C40004FF0FF34F7E700BF000000000000000055
:104C50000A200021004B18470000000030B583688F
:104C600085B003930023D0E900420D68CDE90142ED
:104C700005604D6845608D688560C1E900338B60D3
:104C800001A8024B984705B030BD00BF00000000EE
:104C90002DE9F047D0E901739F4204468846DFF8CA
:104CA00078A00AD039460120D04798F80030037028
:104CB000636801336360BDE8F087134A0121134B39
:104CC0009847134B266881469847B91B014405460F
:104CD0000120D04798F80030394603702A46DFF8A3
:104CE0003C803046C0473946421C3846C0470746DC
:104CF00026B1A1683046074B891B9847C4E9005785
:104D00004D44A560D7E700BFD804000000000000B4
:104D10000000000000000000000000000000000093
:104D20002DE9F047D0E901739F4204468846DFF839
:104D300078A00AD039460120D04798F80030037097
:104D4000636801336360BDE8F087134A0121134BA8
:104D50009847134B266881469847B91B014405467E
:104D60000120D04798F80030394603702A46DFF812
:104D70003C803046C0473946421C3846C04707464B
:104D800026B1A1683046074B891B9847C4E90057F4
:104D90004D44A560D7E700BFD80400000000000024
:104DA0000000000000000000000000000000000003
:104DB0002DE9F043037D05460F4685B01BB1D0E9D0
:104DC0000123934205D100236B75002005B0BDE897
:104DD000F08306699B1AB6EBA30FF4D24FF00108DB
:104DE0003A4B80F815809847C5284FF000042ED024
:104DF000C62848D0C42861D1424631462846DFF84B
:104E0000E480CDE901440394C0470646DFF8D8901A
:104E1000E3B29E4229690FD80131296138462C4BF3
:104E200001A998472B4B01A898476B7D002BCCD04C
:104E30002846294B9847C9E7A21C2846C0470DF1D0
:104E400003018DF8030001A8C8470134E0E742469A
:104E500031462846214BCDE9014403949847064644
:104E6000DFF88080DFF88090A3B2B3422969D3D203
:104E7000E21C2846C0470DF103018DF8030001A88C
:104E8000C8470134F0E7424631462846144BCDE985
:104E90000144039498470646DFF84880DFF84890BD
:104EA000A6422969B8D0621D2846C0470DF103010A
:104EB0008DF8030001A8C8470134F1E70136CDE9B8
:104EC00001446C752E610394A8E700BF0000000048
:104ED00000000000000000000000000000000000D2
:104EE00000000000000000000000000007B5044BB7
:104EF0008DF807100DF10701984703B05DF804FB2A
:104F0000000000002DE9F047D0E901739F420446FC
:104F10008846DFF878A00AD039460120D04798F8B3
:104F200000300370636801336360BDE8F087134AA3
:104F30000121134B9847134B266881469847B91BAC
:104F4000014405460120D04798F8003039460370E7
:104F50002A46DFF83C803046C0473946421C384676
:104F6000C047074626B1A1683046074B891B9847C2
:104F7000C4E900574D44A560D7E700BFD80400003E
:104F80000000000000000000000000000000000021
:104F9000000000007E2913B504460AD80D4B8DF899
:104FA00007100DF107019847E3680133E36002B091
:104FB00010BDFF2903D8084BC9B29847F7E7B1F5F0
:104FC000803F03D2054B89B29847F0E7044B9847DE
:104FD000EDE700BF0000000000000000000000003E
:104FE0000000000073B50C1E054621DB7E2C08DC9A
:104FF0008DF8044001A9234B9847EB680133EB601F
:1050000008E0E317B4F5807F73F1000204D21E4B71
:10501000E1B2984702B070BDB4F5803F73F1000370
:1050200003D21A4BA1B29847F4E7194B9847F1E71E
:1050300014F11E0FDCDA14F1800F164B06DBD021C1
:10504000984728468DF8044001A9D4E714F5004F8D
:10505000114E0BDBD121ADF80440984728460DF1E5
:105060000501B047284601A9B047C6E70194D221FF
:105070009847032401AB19192846B047013CF9D2DF
:10508000BBE700BF000000000000000000000000BF
:1050900000000000000000000000000070B50446A1
:1050A00016461D46074B984720463168064B9847E1
:1050B00020462968054B984720460499044B984799
:1050C00070BD00BF000000000000000000000000F4
:1050D000000000002DE9F0410025044688B0D0F81A
:1050E000187402AB009104A804211646DFF854801E
:1050F00003AACDE90355CDE9055507950297C047A9
:1051000029460D4B04A89847DDE904156D1A2A4677
:1051100020460A4B98478542094A04D004A8904784
:1051200008B0BDE8F081D4F8183404A80133C4F8FD
:10513000183490473760F3E70000000000000000DB
:1051400000000000000000002DE9F04104460020AE
:105150001D4688B0D4F81874CDE90300CDE90500E8
:105160000790009102AB042104A81646DFF858808E
:1051700003AA0297C04701210F4B04A8984729466C
:105180000E4B04A89847DDE904156D1A2A462046FF
:105190000B4B984785420B4A04D004A8904708B0AF
:1051A000BDE8F081D4F8183404A80133C4F81834E9
:1051B00090473760F3E700BF0000000000000000E8
:1051C0000000000000000000000000002DE9F04198
:1051D000044600201D4688B0D4F81874CDE90300B9
:1051E000CDE905000790009102AB042104A8164602
:1051F000DFF8588003AA0297C04701210F4B04A88B
:10520000984729680E4B04A89847DDE904156D1AE4
:105210002A4620460B4B984785420B4A04D004A8E7
:10522000904708B0BDE8F081D4F8183404A80133E1
:10523000C4F8183490473760F3E700BF000000005F
:10524000000000000000000000000000000000005E
:1052500038B5037D04460D461BB1D0E901239342C6
:1052600003D100236375002038BD9B1A0269B2EB9D
:10527000A30FF6D2044B98472860637D002BF2D031
:105280002046024B9847EFE70000000000000000B6
:105290002DE9F04F054600F50879A1B04FF0FF3237
:1052A0004FF0FF334846894EB04795F834428DF8A9
:1052B0000F40002C40F0F680D5F810A08449D3466A
:1052C000844F04A8B8475BF8103BDFF844820EA86F
:1052D0000093C04704A9804A14A8CDE9124490471E
:1052E000009B1422CDE9173B0AF1240319932146B0
:1052F0007A4B1AA898477A4B1AA8984779490AA86E
:10530000B847DFF800A2FF210AAA0EA8D047764CC2
:105310000AA8A047012313A9D1E8EF2F002A03D13F
:10532000C1E8E03F0028F7D135D1704C642200235A
:105330001998B04700287DD1179B12AA186814A9A4
:105340006B4B984719986B4B9847DFF8A0B1DFF883
:10535000C4A1642200231898B047002840F08A8036
:105360000AA8C047179B1299186800930191624CD4
:10537000D047DDE900010AAB00680DF10F02A0473C
:10538000002859D118985B4B98475C4B9847564B6F
:105390000BA89847DDE75A490AA8B8470EA8FF218D
:1053A0000AAAD0470AA8A04700238DF80C30012391
:1053B00013A9D1E8EF2F002A03D1C1E8E03F00286C
:1053C000F7D159D1494C642200231998B0470028DD
:1053D00070D1179B12AA186814A9454B9847454CE1
:1053E0001998A047DFF804A1DFF82CB13E4F6422E2
:1053F00000231898B047002865D10AA8C047129921
:1054000017980AAB03AAD847002855D01898A04788
:105410000A9C0BA9304B07A898472146394B07AA8D
:105420000EA8984707A8B8470BA8B847364B0EA850
:1054300098472CE0A04779E7009C0A9B0BA944F809
:10544000043F201D314B984718982A4B98470A9CD7
:105450000BA9214B07A8984721462A4B07AA0EA85B
:105460009847214C07A8A0470BA8A047264B0EA899
:10547000984799E7D8476CE721490AA8B847214BD4
:105480000EA8FF210AAA9847174B0AA89847164C5E
:1054900014A8A0470FA8A04704A8A0479DF80F3064
:1054A00085F834324846134B98479DF80F0021B0D9
:1054B000BDE8F08FA04786E71898A0470F4B9847A4
:1054C0000BA8B84793E7D04791E700BF0000000062
:1054D000B801000000000000000000000000000013
:1054E00000000000C60100000000000000000000F5
:1054F00000000000000000000000000000000000AC
:10550000E4010000000000000000000000000000B6
:105510000000000000000000000000002DE9F04342
:1055200004460D461646DFF89490DFF8948085B067
:1055300000F12407642200233846C847002831D1EF
:105540002368CDE90000CDE90200DFF878906846D5
:105550000321D3F80080C847134B684602219847BF
:10556000124C29466846A04768460121C847314683
:105570006846A047DDE90014641A0D4B22464046F8
:105580009847844208BFD8F81834684604BF0133EE
:10559000C8F81834074B98473846074B05B0BDE8A4
:1055A000F0431847C047C5E70000000000000000B6
:1055B00000000000000000000000000000000000EB
:1055C00000000000000000002DE9F041044600F159
:1055D00030070E4615464FF0FF334FF0FF32384686
:1055E0000649884720462946054B40F8046B9847F2
:1055F0003846BDE8F041034B184700BF00000000EB
:10560000000000000000000000232DE9F047012207
:10561000044688B08DF8003000F11403D3E8EF1F82
:10562000002903D1C3E8E02F0028F7D13DD12F4F47
:105630002F4D64220023E06AB84700284BD1606AEE
:10564000636C00682B4D04F1100204F11801A847A7
:10565000E06A294DA847DFF89880DFF8BC90DFF8B2
:10566000BCA064220023A06AB84700283CD104A84B
:10567000C8476A462169606A04ABD0471F4E0028BC
:105680002BD0A06AA847049D05A91D4B01A89847E7
:1056900029461C4B01AA2046984701A8B04705A8F7
:1056A000B0472046184B98470BE01849184B04A800
:1056B00098472046134BFF2104AA98470F4B04A894
:1056C00098470E4D04F11800A847201DA847204612
:1056D00008B0BDE8F087A847ABE7A06AA8470D4B24
:1056E000984705A8B047BCE7C047BAE700000000EC
:1056F00000000000000000000000000000000000AA
:10570000000000000000000000000000E4010000B4
:105710000000000000000000000000000000000089
:105720002DE9F043D0F8146404460F4690461D4618
:105730008BB096B14A4B04A898474A4B04A89847A7
:10574000D4F81034211D19443246474B04A8984719
:1057500038B90026454B05A8984730460BB0BDE840
:10576000F0834FF00009424E03AB02AA01A904A83E
:10577000CDF80490B04706460028EAD0039BBB4210
:10578000E7D1029B3B4F012B1BD02846FC233A4913
:1057900040F8043B394B98472046D4F81024D4F8FD
:1057A0001414B847D4F810342BB94FF0FF32C4F8B2
:1057B0000C34C4F80824D4F81C340133C4F81C3465
:1057C000C8E7019B042B05D02846FC232C4940F850
:1057D000043BDFE72B4B04A88DF800909847C028C6
:1057E00031D19DF824301BB1DDE905239A4208D15F
:1057F00000238DF825302846FC23234940F8043B3C
:10580000C8E79B1A089AB2EBA30FF1D21F4B04A86A
:1058100098479DF825308DF80000002BEBD04146CD
:105820001B4B04A898470028E5D0D4F810242AB9C7
:105830004FF0FF33C4F80C24C4F808342046D4F8E1
:105840001414B84786E76A462946124B04A89847BD
:105850000028EAD12846FC230F4940F8043B99E789
:105860000000000000000000000000000000000038
:1058700000000000000000004900000000000000DF
:1058800062000000000000007F0000000000000037
:105890000000000000000000A00000002DE9F04F13
:1058A000654BA3B080460C4617469847054600282E
:1058B00000F0958003AE30466049614DA847DFF89F
:1058C000C8A104EB07094C4573D14FF0000B98F8C1
:1058D0003532D8F810A05B4C5B49CDF808B0002BEE
:1058E00000F09F80574606A8A84757F8103BDFF8FE
:1058F0009C8110A80193DFF89891C04706A9CDE9D3
:1059000014BB16A8C847019B1422CDE919370AF128
:1059100024031B9359464D4B1CA8984721964C4B8A
:105920001CA898474B490CA8A8474B4FFF210CAA2D
:1059300010A8B8470CA8A047012315A9D1E8EF2F5C
:105940005A4503D1C1E8E03F0028F7D1BA4635D126
:10595000424F434D642200231B98B847002842D190
:105960001998219B00683F4D14AA16A9A8473E4FDD
:105970001B98B847642200231A98384988470028A2
:105980004CD10CA8C047199DDDF850B02868374BA2
:10599000984759462868DFF8FCB00CAB02AAD847F4
:1059A00018BB1A98304B9847314B98470DA8A04721
:1059B000E0E7304614F8011BD04784E72D490CA8D6
:1059C000A84710A8FF210CAAB8470CA8A0472A4B4B
:1059D00010A8984706A8A0473046029DA047284631
:1059E00023B0BDE8F08FA847B4E70C9B0DA945F89C
:1059F000043F281D214B98471A98B8470C9D0DA9C4
:105A000009A8C847294609AA10A8D04709A8A0474D
:105A10000DA8A0471A4B10A89847D8E7104B9847F5
:105A2000A8E710A8A84732465046164B10A9984739
:105A300010A8A0470297CFE700000000BD040000B7
:105A40000000000000000000AE01000000000000A7
:105A500000000000C601000000000000000000007F
:105A60000000000000000000000000000000000036
:105A700000000000E4010000000000000000000041
:105A80000000000000000000000000000000000016
:105A900000000000000000002DE9F041044600F184
:105AA00030070E4615464FF0FF334FF0FF323846B1
:105AB0000649884720462946054B40F8046B98471D
:105AC0003846BDE8F041034B184700BF0000000016
:105AD000000000000000000038B5044600F1300569
:105AE0004FF0FF3207494FF0FF33284688472468BC
:105AF0002846002CD4BF00240124034B984720469D
:105B000038BD00BF000000000000000000232DE9A8
:105B1000F0470122044688B08DF8003000F11403EC
:105B2000D3E8EF1F002903D1C3E8E02F0028F7D105
:105B30003CD12F4F2F4D64220023E06AB847002844
:105B40004AD1606A636C00682B4D04F1100204F1C5
:105B50001801A847E06A294DA847DFF89880DFF8C8
:105B6000BC90DFF8BCA064220023A06AB8470028DC
:105B70003BD104A8C8476A462169606A04ABD04794
:105B80001F4E00282AD0A06AA847049D1D4B05A9D6
:105B900001A898471C4B294601AA2046984701A80E
:105BA000B04705A8B0472046184B0AE01849194BE2
:105BB00004A898472046144BFF2104AA9847104B8D
:105BC00004A898470E4D04F11800A847201DA847C7
:105BD000204608B0BDE8F087A847ACE7A06AA84710
:105BE0000D4B984705A8B047BDE7C047BBE700BFCE
:105BF00000000000000000000000000000000000A5
:105C00000000000000000000000000000000000094
:105C1000E40100000000000000000000000000009F
:105C2000000000002DE9F043D0F8146404460F464C
:105C300090461D468BB096B14A4B04A898474A4BF4
:105C400004A89847D4F81034211D19443246474B14
:105C500004A8984738B90026454B05A89847304610
:105C60000BB0BDE8F0834FF00009424E03AB02AA2F
:105C700001A904A8CDF80490B04706460028EAD050
:105C8000039BBB42E7D1029B3B4F012B1BD0284615
:105C9000FC233A4940F8043B394B98472046D4F856
:105CA0001024D4F81414B847D4F810342BB94FF09A
:105CB000FF32C4F80C34C4F80824D4F81C3401337F
:105CC000C4F81C34C8E7019B042B05D02846FC23EC
:105CD0002C4940F8043BDFE72B4B04A88DF80090DB
:105CE0009847C02831D19DF824301BB1DDE9052348
:105CF0009A4208D100238DF825302846FC232349F9
:105D000040F8043BC8E79B1A089AB2EBA30FF1D204
:105D10001F4B04A898479DF825308DF80000002BF4
:105D2000EBD041461B4B04A898470028E5D0D4F897
:105D300010242AB94FF0FF33C4F80C24C4F80834F7
:105D40002046D4F81414B84786E76A462946124B11
:105D500004A898470028EAD12846FC230F4940F8B8
:105D6000043B99E700000000000000000000000074
:105D700000000000000000000000000049000000DA
:105D80000000000062000000000000007F00000032
:105D9000000000000000000000000000A000000063
:105DA0002DE9F04F012204468A4689B000F1140320
:105DB000D3E8EF1F002903D1C3E8E02F0028F7D173
:105DC0000CBF1546002534D1DFF80081324D642226
:105DD0000023E06AC04700283BD1606A636C00681A
:105DE00004F1100204F118012C4DA8472C4EE06A72
:105DF000B047DFF8A490DFF8D8B064220023A06A8F
:105E0000C047002845D1274B04A89847656A2769F1
:105E10002868D84739465246234F286804ABB8470C
:105E2000224FC0B9A06AB047214B984705A8B84790
:105E3000E3E72049204B04A89847FF2120461F4B49
:105E400004AA9847194B04A89847284609B0BDE80A
:105E5000F08FA847BBE7049B05A945F8043F281D20
:105E6000174B9847A06AB047049D164B05A901A897
:105E700098472946114B01AA2046984701A8B847E0
:105E800005A8B8472046104B984780F00100C0B2E3
:105E9000DCE7C847B1E700BF0000000000000000D9
:105EA00000000000000000000000000000000000F2
:105EB00000000000E40100000000000000000000FD
:105EC00000000000000000000000000000000000D2
:105ED000000000002DE9F0479EB004460191002922
:105EE0004BD0354B9847002847D004F508774FF042
:105EF000FF324FF0FF333846304988472669002586
:105F0000B0462F49DFF8E89006A8CDE9035505957E
:105F1000C8472C4B0CA858F810AB984706A92A4B39
:105F200012A8CDE910552436984714222946274B4C
:105F300018A8CDE915A81796984701AB1D93244BD7
:105F400018A89847234909A8C847FF21224B09AA46
:105F50000CA89847214D09A8A84706A8A847204B98
:105F600003A90CA8984758B938461E4B98471E4BB2
:105F70000CA898471D4B03A898471EB0BDE8F087B2
:105F8000DDE903218A42EFD0D4F81C32B3F5007F5B
:105F900010D0D4F81432107823441875D4F8143281
:105FA0000133C3F30803C4F81432D4F81C320133AC
:105FB000C4F81C320132E5E70000000000000000D8
:105FC000A50100000000000000000000000000002B
:105FD00000000000C60100000000000000000000FA
:105FE00000000000000000000000000000000000B1
:105FF0000000000038B5044600F508750B494FF065
:10600000FF324FF0FF3328468847D4F81C12C1F501
:106010000071002902DD2046054B9847D4F81C4248
:106020002846044B9847204638BD00BF00000000BA
:106030000000000000000000F8B5244A244E136858
:106040000133012B136006D10022224BC3E9072242
:106050001E601A765A6200241F4F142221461F48E0
:10606000C6E90044F460B847142221461C48B847EA
:10607000142221461B48B8474FF4847221461A481F
:10608000C6E91344B847194B194DB3604FF47A73FE
:10609000AB60184B4FF40072214605F114002B60E1
:1060A00086F860416C602E61B8471422214605F5E0
:1060B0000870C5F81442C5F81842C5F81C42B84724
:1060C0004FF48073A5F83432F8BD00BF0000000023
:1060D00000000000000000000000000010000000B0
:1060E00024000000380000005800000000000000FC
:1060F000000000000800000008B5044A1368013BD6
:10610000136013B90248034B984708BD0000000014
:106110001C00000000000000004B184700000000B9
:106120002DE9F0470568DFF87880EDB2C047194FD8
:1061300000212846184EB8477D24B047DFF8649008
:10614000DFF864A0013C14F0FF0420D00120C84710
:106150002846D0470028F5D0C047104B00212846DC
:10616000984701212846B847B04740F2DF10C8479A
:10617000C04700212846B8474520C8472846D04791
:10618000B0FA80F4B04740F299106409C84720463D
:10619000BDE8F087000000000000000000000000E3
:1061A0000000000000000000000000002DE9F047A2
:1061B00011F001070478144B144EDFF85890144D79
:1061C000DFF8548011D0984700212046B0470121C4
:1061D0002046C8470920A84720460121B047C047AC
:1061E00036202B46BDE8F0471847984739462046E9
:1061F000B04701212046C8474020A847204601213A
:10620000B047C0470420ECE7000000000000000099
:1062100000000000000000000000000070B50468ED
:106220000E4BE4B298470E4E20460121B0470D4B6D
:106230000021204698470C4D0220A8470021204607
:10624000B0470920A8472046084B98470446084B0A
:1062500098473420A847204670BD00BF00000000CA
:10626000000000000000000000000000000000002E
:10627000000000002DE9F04704468846154608272F
:106280000126DFF84C9018EA060F14BF0121002107
:106290002046C8477600013FF6B2F4D16DB9084BED
:1062A000984729462078074B984729462078064B7F
:1062B0009847BDE8F047054B1847BDE8F08700BF99
:1062C00000000000000000000000000000000000CE
:1062D000000000002DE9F0410746082600250124B2
:1062E000DFF818803846C04700B125436400013EFE
:1062F000E4B2F7D12846BDE8F08100BF00000000FD
:10630000F8B500220C46074D55210746A847661EE2
:10631000073416F8011F00223846A847A642F8D1D4
:10632000F8BD00BF000000000022CC21004B184740
:106330000000000000238360C37303828374C0F8ED
:106340000B30704770B50D460446064B28460021B9
:1063500098470023256063602046BDE87040024BEB
:10636000184700BF00000000000000002DE9F74FB3
:10637000867C04468946154616B9334B984728B99A
:1063800000202082A07403B0BDE8F08F2F4B6DB3C6
:106390003246F0210125002720469847BB462E466D
:1063A000DFF8B0A02046D047804601902046D04775
:1063B000B8F1010F01991CD1012824D1402EDFD959
:1063C00084F810B0BBF1000F01D10123A374237A2C
:1063D000002BD5D0E31D09F1FF310F3413F8012F45
:1063E000A34201F8012FF9D10120CCE72A46EC2184
:1063F000D0E7804504EB07021ED1217CB14216D9BB
:10640000117A0D4214D0E1190A7A2A430A72012145
:1064100020460F4B6D009847013615F0FF05F6B288
:10642000C0D10137FFB2082FC8D00125BAE7EAD0A2
:10643000082E06D9B3460021107A20EA0500107212
:10644000E6E76674F6E700BF000000000000000009
:10645000000000000000000002460144002010B5CA
:10646000074C8A4200D110BD12F8013B434003F0B3
:106470000F0004EB1313205C1B7C5840F1E700BFB6
:1064800029000000074A13680133012B136007D16C
:10649000054B064A1A600022C3E907221A765A629F
:1064A000704700BF00000000000000000000000076
:1064B00008B5044A1368013B136013B90248034B43
:1064C000984708BD000000001C000000000000000C
:1064D0000878422810D8272806D810280ED0A0F116
:1064E0002203584258417047054B2838C0B223FA5E
:1064F00000F000F001007047002070470120704755
:106500000100080409220023C270034AC16003701D
:1065100042600372704700BF01010100002208B50C
:10652000C261024B4270984708BD00BF00000000E6
:1065300010B50C46044B072120469847E3791B1AF7
:106540005842584110BD00BF000000002DE9F8433B
:1065500004460E4BC0680E46174600259847DFF8E4
:106560003080DFF8309001223146E068C04750B1FA
:10657000EBB29F4203D131462046C84720B90135CE
:10658000EBB29F42EFD20020BDE8F883000000008C
:1065900000000000000000002DE9F0410446104F0B
:1065A000C0680E461546B847B8B13146E0680D4B95
:1065B00098470022BE21E0680B4B9847DFF82C80FB
:1065C0006E1E0835E068C04706F8010FAE42F9D1EB
:1065D000E068B847431E58425841BDE8F08100BF0B
:1065E00000000000000000000000000000000000AB
:1065F00070B50D4604460D4EC068B0478DB9E068D1
:106600000B4B98470022B421E0680A4B98470A4B8D
:10661000E06898470546E068B047B5FA85F040095C
:1066200070BD2946E068054B9847EBE70000000085
:10663000000000000000000000000000000000005A
:1066400008B5034BC0689847431E5842584108BDDF
:10665000000000000939C9B202299ABF024B33F980
:10666000110040F2EE2070470000000043781BB19B
:1066700000218078014B1847704700BF00000000E0
:1066800043781BB101218078014B1847704700BF48
:10669000000000002DE9F0474379044693B10378E8
:1066A00083B9124EB04740F2ED290546DFF8548019
:1066B0000F4F2046C047B0B9B047401B484512D8DD
:1066C000B847F6E720460B4B98470B4B054620464C
:1066D00098470A21A5FB0101084B98472046BDE8D1
:1066E000F047074B1847BDE8F08700BF00000000E7
:1066F000000000000000000000000000000000009A
:10670000000000000000000010B50446094BC068FE
:106710009847E068084B9847084B44212278E06886
:10672000984723792BB12046E178054BBDE810400E
:10673000184710BD0000000000000000000000002D
:106740000000000070B50446134EC0680D46B04707
:1067500098B1E06895B9114B9847114B48212278C0
:10676000E068984723780F4D63B9C8200021A847F7
:10677000E068B047431E5842584170BD29460A4B55
:106780009847EAE72046094B98470021C820A847C8
:106790002046074B9847EBE7000000000000000090
:1067A00000000000000000000000000000000000E9
:1067B000000000002DE9F04104460D461646C06871
:1067C000134FB847134B2946E0689847DFF84C80D1
:1067D00000224E21E068C0470022B178E068C0473F
:1067E0000022F178E068C0472B78102B03D00022FC
:1067F0003179E068C047A3792BB129462046BDE82E
:10680000F041054B18473B46E068BDE8F0411847AA
:106810000000000000000000000000000000000078
:1068200010785378C00040EAC3200B7800B2102BD8
:106830000CD1D17951B19379C000CB1ADB0193FB14
:10684000F1F320F07F00203B034418B270470000B2
:1068500010F5DC5FC6BF00EE100ABAEEEC0A9FED41
:10686000010A70470000FEC20A44914201D1012092
:10687000704711F8013B002BF7D000207047000053
:1068800038B50B4B05461446984768B10922214696
:106890002846084B984740B9074B0821204698479F
:1068A000237A1B1A5842584138BD0020FCE700BF2C
:1068B0000000000000000000000000001FB50B7881
:1068C000102B13D00D4B01AA984750B19DF80830FA
:1068D0005F2B0DD008D81F2B0CD03F2B0CBF0A20EC
:1068E000002005B05DF804FB7F2B05D10C20F8E7F4
:1068F0000B20F6E70920F4E70020F2E70000000093
:1069000073B5194B0446C06898470023174D184EBD
:10691000E371237201226946E068A84708B902B012
:1069200070BD69462046B0470028F3D0E379694638
:106930000133E37120460F4B98470028EAD0237AB1
:106940000133237223782BB920460B4B984708B1AB
:1069500001232370094B694620469847E378834218
:1069600038BFE070D6E700BF000000000000000064
:106970000000000000000000000000000000000017
:106980002DE9FF411E460B780446102B884615461C
:1069900028D00C2A28BF0C251F4B092D01AA38BF6F
:1069A000092598470746A0B1A5F10A03022B8EBF1F
:1069B0001F226A0102F1FF329DF8083098BFD2B25F
:1069C000934206D08DF8082041462046134B01AA79
:1069D00098471EB9E379E570012B18D8384604B002
:1069E000BDE8F0810127F4E7E3780C2BF6D001A98C
:1069F0002046C047204601A9B047E37801358342CD
:106A000038BFE070E379EAB29342EDD8E6E7354665
:106A1000DFF81080024EF5E70000000000000000E3
:106A200000000000000000000C29F7B528BF0C2171
:106A3000092938BF092104460025094E094FC170B4
:106A4000E379EAB2934201D803B0F0BD694620462B
:106A5000B047012369462046E278B8470135EFE7A1
:106A6000000000000000000030B585B0074B01AA0F
:106A700004460D46984730B129462046044B01AAEA
:106A8000984705B030BD0348FBE700BF0000000099
:106A90000000000080E4FFFF10B5034B9847BDE8FD
:106AA0001040024B184700BF00000000000000002B
:106AB00013B50A46064B69460446984728B169460D
:106AC0002046044B984702B010BD9FED030AFAE739
:106AD00000000000000000000000FEC2074A13682A
:106AE0000133012B136007D1054B064A1A600022BF
:106AF000C3E907221A765A62704700BF00000000FF
:106B0000000000000000000008B5044A1368013BC3
:106B1000136013B90248034B984708BD00000000FA
:106B20001C000000000000000022027068220272B7
:106B3000054A41600266002242618261C2610262CE
:106B400042628262704700BF48E17A3F70B50446F6
:106B50000E4615464068217A0368DB6A98476068EC
:106B6000314603681B6898476068294603681B68BC
:106B700098476068BDE8704003685B6B1847000089
:106B8000032915D8DFE801F002080C100022094B98
:106B9000C3601B21084B1847084B0822C360F8E765
:106BA000074B1022C360F4E7064B1822C360F0E7DE
:106BB00001207047000003430000000000008342F2
:106BC0003333034233338341032919D8DFE801F01B
:106BD00002090E134FF08D43002203611C21094B63
:106BE00018474FF08C4308220361F7E74FF08B43BF
:106BF00010220361F2E74FF08A4318220361EDE7A8
:106C00000120704700000000F0B50446406885B0E0
:106C10000368217ADB6A984760683B2103686F4606
:106C20009B6C984760680021036800251B6B9847A0
:106C300060680E220368217ADB6B98476068013533
:106C400003685B6998470646606803685B69984714
:106C5000072D40EA062027F8020BEFD1BDF90030DE
:106C6000D4ED046A07EE103AB8EEC77AC7EE267A7A
:106C700094ED087ABDF9023077EEC77A07EE103A44
:106C8000B8EEC77AC4ED0C7AC7EE267A94ED097A8D
:106C900077EEC77A2278C4ED0D7A82F001039B1A51
:106CA00007EE903ABDF90430F8EEE77A07EE103AB5
:106CB000B8EEC77A67EE877A87EEA67AD4ED0A7ABD
:106CC00077EE677ABDF90600C4ED0E7A204B98473F
:106CD0001DA3D3E900231F4DA84700221E4B1F4DC3
:106CE000A8471F4B9847BDF9083094ED037A06EE8C
:106CF000903AF8EEE66AC6EE877AD4ED056ABDF9F9
:106D00000A3077EEE67A06EE903AF8EEE66AC4EDDF
:106D10000F7AC6EE877AD4ED066ABDF90C3077EEAD
:106D2000E67A06EE903AF8EEE66AC4ED107AC6EE20
:106D3000877A94ED077A77EEC77AE062C4ED117A2C
:106D400005B0F0BDAFF3008000000000003EC84079
:106D5000000000000000000000407540000000003E
:106D6000000000002DE9F84F04462DED068B164675
:106D70000D46002311B143618361C36116B12362E3
:106D80006362A3629FED338A4FF4FA77F0EE488A8C
:106D9000B0EE48AAF0EE48AAF0EE489AB0EE489A53
:106DA000DFF8C4B0DFF8C4A02046D847D4ED0C7A91
:106DB0007AEEA7AAD4ED0D7AA06B3AEE27AADFF8F7
:106DC000B080D0470022244BC047804618EE900A7E
:106DD0008946D04702460B4640464946DFF8948034
:106DE000C0471E4B9847D4ED0F7A38EE278AD4ED72
:106DF000107A79EEA79AD4ED117A08EE900A39EE5E
:106E0000279A0A200021164B9847013FCCD16EB13A
:106E1000DFED147A8AEEA77A84ED087A8AEE277A73
:106E200084ED097A88EEA77A84ED0A7A6DB1DFEDF8
:106E30000D7A88EE277A84ED057A89EEA77A84EDBB
:106E4000067A89EE277A84ED077ABDEC068BBDE8D9
:106E5000F88F00BF000000000000F03F00000000BD
:106E6000000000000000FA430000000000000000E5
:106E700000000000000000002DE9F0472DED088B18
:106E8000044682B09C4B984794ED0E9AB5EEC09A9A
:106E9000F1EE10FA4CBF01220022ACBF0123002307
:106EA00094ED0D8A9B1A07EE903A944D18EE100A55
:106EB000F8EEE78AA84741EC1A0B18EE900AA847AB
:106EC000D4ED0C9A69EEA97AE9EE097A804617EEBC
:106ED000900A8946A847DFF850A241EC100BD04732
:106EE000874E53EC102B40464946B047DFF83C82B2
:106EF00041EC110BB0EE4A0AF0EE6A0AC0477AA3E1
:106F0000D3E9002351EC100BB0477E4FB84728EE71
:106F1000088AA06419EE900AA847A9EE098A41ECF4
:106F20001A0B18EE100AA84741EC100BD047B0EE30
:106F3000401AF0EE601AB0EE4A0AF0EE6A0AC04754
:106F400053EC102B104603F1004167A3D3E9002353
:106F5000B047B8476C4BE06498478046E06D6B4B98
:106F6000A8EB0000984762A3D3E90023B047B847D5
:106F7000D4ED0F7A09EE900A94ED148AD4ED12AA9A
:106F8000A7EEA98A94ED18AA38EE6A8A9FED609A56
:106F9000DFED607AC4F85C80B4EEC98AF1EE10FAD5
:106FA00000F389809FED5CBADFED5A7AB4EECB8AAC
:106FB000F1EE10FA00F182801AEE100AA8473AEEBC
:106FC000888A02460B46DFF8688100205349C04793
:106FD00068EE0A7A804617EE900A8946A847CDE9FE
:106FE00000011AEE900AA84742464B46B047DFF828
:106FF00044A102460B46DDE90001D047B8479FEDAA
:10700000457A07EE900AF4EEC97AF1EE10FA58DCF0
:107010009FED407AF4EECB7AF1EE10FA54D4C4ED41
:10702000147AD4ED107A68EEA78AD4ED157A94ED2F
:10703000138AE8EEA97ADFED3AAA77EEC87AF4EE81
:10704000EA7AF1EE10FA42DCDFED368AF4EEE87A05
:10705000F1EE10FA3ED478EE277A67EE8A7A17EED0
:10706000900AA847CDE9000118EE100AA847424649
:107070004B46B04702460B46DDE90001D047B84712
:1070800007EE900AF4EEEA7AF1EE10FA25DCF4EE5F
:10709000E87AF1EE10FA23D4C4ED157A94ED117A62
:1070A000D4ED167AE7EE297AC4ED167A02B0BDEC7B
:1070B000088BBDE8F08738EE678A6DE738EE278ADF
:1070C00074E777EEC77A9EE777EE877AA2E777EEE6
:1070D000C97AB4E777EE897AB8E777EEC97AD1E76B
:1070E00077EE897AD3E700BFCB67791EDCA54C40E9
:1070F000FCA9F1D24D62503F0000000000000000EA
:10710000000000000000000000000000000000007F
:10711000000034430000B443000034C30000F03FDB
:107120000000B4420000B4C20000000000000000F3
:1071300000000000000000002DE9F041DFF8588059
:107140000F4616466B2101220446C0470022054621
:1071500019212046C04700221A212046C04739463F
:107160002046094B984731462046084B9847204611
:10717000074B9847A36C2365E36C6365054B984701
:10718000E0652846BDE8F081000000000000000036
:10719000000000000000000000000000074A136823
:1071A0000133012B136007D1054B064A1A600022F8
:1071B000C3E907221A765A62704700BF0000000038
:1071C000000000000000000008B5044A1368013BFD
:1071D000136013B90248034B984708BD0000000034
:1071E0001C0000000000000000220221C0E9302243
:1071F0000280828082600273028242610276828310
:10720000026280F824200285C26280F83020028762
:10721000C263A0F84820C264A0F858200266A0F813
:1072200068200267A0F87820C0F88020A0F88820A5
:10723000C0F89020A0F89820C0F8A02080F8B910DD
:10724000A0F8BA2080F8BC20C0E93222C0E934227C
:10725000A0F8A82080F8AA207047A1F14103052BCF
:1072600002D8A1F137007047A1F16103052B94BF4B
:10727000A1F15700A1F130007047000038B5044675
:107280000578104B2D2D08BF013420469847642304
:107290005843224614F8013BA3F130010929F8D9DB
:1072A0002E2B0BD15378303B092B07D80A2101FB39
:1072B00003009378303B092B98BFC0182D2D08BFD1
:1072C000404238BD0000000038B5164B0C4605465C
:1072D00098476423B0FBF3F203FB120328461249DC
:1072E00022804B4302780146A2F13005092D00F1BE
:1072F0000100F7D92E2A0BD10A250B4803E0B0FB79
:10730000F5F000FB023311F8012F303A092AF6D9C3
:10731000032203EB83030133B3FBF2F36360002327
:10732000237238BD000000008096980010B5C36934
:1073300004464360036A836090F824300373836AD1
:107340000361C36A436190F830300376034B98477A
:1073500040F201136063238010BD00BF00000000F5
:10736000F8B50023044643700F4B806898470CA380
:10737000D3E900230D4DA8470D4B0646A0880F46C4
:1073800098470C4D0B46024639463046A847237BAA
:1073900013B101F10043194641EC100BF8BD00BFD9
:1073A0000000000065CDCD4100000000000000009D
:1073B0000000000000000000F8B500230446437000
:1073C0000F4B406998470CA3D3E900230D4DA84704
:1073D0000D4B0646208A0F4698470C4D0B46024639
:1073E00039463046A847237E13B101F100431946C0
:1073F00041EC100BF8BD00BF0000000065CDCD4191
:10740000000000000000000000000000000000007C
:1074100010B5836804464360034B984740F201135C
:10742000E060238010BD00BF0000000010B583683D
:1074300004464360034B984740F20113E060238009
:1074400010BD00BF0000000010B5034B0446084605
:107450009847A06010BD00BF0000000010B5034BAE
:10746000044608469847A06010BD00BF0000000019
:1074700010B5C36804468360034B984740F201137C
:107480006060238010BD00BF0000000010B5034BFA
:10749000044608469847E06010BD00BF00000000A9
:1074A00010B5C36804468360034B984740F201134C
:1074B0006060238010BD00BF0000000010B5034BCA
:1074C000044608469847E06010BD00BF0000000079
:1074D000014610B5054B044610309847044B9847B9
:1074E00040F201132062A38410BD00BF0000000021
:1074F000000000001022014B184700BF00000000F0
:107500002DE9F04190F8A9600446002E65D090F86E
:10751000AA108E4DA84794F8AB1002462046A84703
:1075200094F8A83000EB0210C0B283424ED1D4F8D8
:10753000D4300133C4F8D43094F8BC3023B1D4F83B
:10754000CC300133C4F8CC3094F8B9302BB3012BD4
:1075500014D17F4B04F1380098477E4B04F148006A
:10756000984794F8BC304BB120467B4B98477B4DF5
:1075700004F15800A84704F16800A847D4F8C450A3
:10758000774FDFF808822DB1D4F8C430A86A996A21
:10759000B847B8B13046BDE8F0816E4B04F1480001
:1075A000984794F8BC306D4D2BB120466A4B9847F4
:1075B00004F17800A84704F188006A4B984704F169
:1075C0009800DAE72846C0472D6BDCE7D4F8D030C6
:1075D0000133C4F8D0300026DCE790F8BA50002D13
:1075E0002FD100F1AA0738465F495D4EB04720B35E
:1075F00038465E49B04700B338465D49B04730B1C0
:1076000038465C49B047051E18BF01256D0084F857
:10761000B950D4F8C050C4F8C450002DDBD039465E
:10762000A86AB04700280ADB3946A86AB047002894
:10763000D1DD0023C4F8C430CDE70125E7E72D6B89
:10764000E9E790F8B920022A38D090F8AA30002B48
:1076500034D045EA4215013D282D2FD8DFE805F04A
:107660001522284B4E63686D712E2E2E2E2E2E2E37
:107670002E2E2E2E2E2E2E2E2E2E2E2E2E2E2E2E2A
:10768000151B22284B4E555A5E003B4B00F1AA01B8
:107690004830984712E0A3F141004342434184F847
:1076A000BC300BE000F11C01344B04F1AA00F0E700
:1076B000A3F153014B424B4180F82430D4F8C4501D
:1076C000274EDFF8CC8004F1AA07002D83D0D4F830
:1076D000C430A86A996AB04700287FF47CAFEA6A90
:1076E00094F8BA309A423FF776AF02D1394628462D
:1076F000C0472D6BE9E700F12801D5E7A3F1570258
:107700005342534180F83030D8E700F1AA01583095
:107710001B4BBEE700F1AA016830F9E700F1AA01AE
:10772000184B3830B5E7302B94BF00230123B6E760
:1077300000F1AA01144B8830ABE700F1AA019830A0
:10774000E6E700F1AA017830E2E700BF00000000A0
:107750000000000000000000000000000000000029
:1077600000000000000000008D01000093010000F7
:10777000990100009F0100000000000000000000CF
:1077800000000000000000000000000000000000F9
:107790000000000038B5D0F8C830242903F10103F7
:1077A00004460D46C0F8C8303AD090F8BB3014D823
:1077B0000A291CD00D291AD00D2B9FBF5A1C1B194A
:1077C00084F8BB2083F8AA5094F8A93093BB94F8AE
:1077D000A8305D4084F8A8502CE02A2907D02C2935
:1077E000EAD190F8A82082F02C0280F8A8200E2B75
:1077F0004FF0000005D8234483F8AA0020460E4B22
:10780000984794F8BA30013384F8BA30002384F8EA
:10781000BB30A5F12A035D425D4184F8A95038BD13
:1078200000230222A0F8A83080F8B920A0F8BA30CE
:1078300080F8BC300020F2E700000000074A13681F
:107840000133012B136007D1054B064A1A60002251
:10785000C3E907221A765A62704700BF0000000091
:10786000000000000000000008B5044A1368013B56
:10787000136013B90248034B984708BD000000008D
:107880001C00000000000000054B1A783AB1054AC0
:10789000126882F31188BFF36F8F00221A7070474D
:1078A000F80C0000FC0C0000074B1A7852B9EFF3FB
:1078B0001181102282F31288BFF36F8F034A116087
:1078C00001221A70704700BFF80C0000FC0C000089
:1078D00070B505460C46084649B1054B98472B68DC
:1078E000024621462846BDE870405B68184770BDD7
:1078F0000000000008B5014B984708BD00000000DB
:1079000003681B681847000008B50249024B9847F6
:1079100008BD00BF910400000000000038B5044B12
:1079200005469847034B044628469847204438BDEF
:107930000000000000000000004B1847000000009D
:107940000023012A98BF0A22F0B58BB00C468DF8AF
:10795000243009A9B4FBF2F6274602FB1645EBB228
:10796000092D94BF30333733DBB2BA42344601F8C5
:10797000013DEFD9014B98470BB0F0BD000000006E
:107980002DE9F04107460E4614462AB9BDE8F041FC
:107990000368C9B21B6818470A2ADFF8308005D18E
:1079A000002905DB4346BDE8F0411847D2B2F9E7AC
:1079B000054B2D2198472246054671423846C0475F
:1079C0002844BDE8F08100BF000000000000000076
:1079D000004B18470000000010B42AB902685DF897
:1079E000044B1268C9B21047024B5DF8044BD2B287
:1079F000184700BF0000000038B5044B0546984703
:107A0000034B044628469847204438BD0000000038
:107A1000000000000B1E2DE9F74FB8BF022355EC04
:107A2000104B0746009322462B4620462946DFF896
:107A30007CA1D04740B14E4938464E4B98478046CE
:107A4000404603B0BDE8F08F25F000494FF0FF320B
:107A500020464946484BD04740B94FF0FF322046B8
:107A60004946454BDFF84881C04750B14FF060426E
:107A700020462946414BDFF83C81C04718B14049B8
:107A8000DAE74049D8E74FF0604220462946DFF860
:107A900028813D4BC0470028F1D100220023204619
:107AA0002946C04700285BD0384B2D2138469847DF
:107AB00005F1004380461D464FF0000900204FF0BD
:107AC000000A3349DFF8D8B0009A5FFA89F393428D
:107AD00009F1010946DB02460B46204629462D4C9A
:107AE000A0472D4B0D4604469847DFF8D0B081469D
:107AF000D847DFF8CCA00B46024629462046D0479F
:107B00000A2204460D4638464946DFF8B890C84771
:107B1000009B804423B138462049164B9847804447
:107B2000009B013B009301338AD000222046294666
:107B30001B4B1C4CA047184B0D46044698470A2285
:107B4000014601903846C847019980440846D84705
:107B500002460B4620462946D04704460D46DFE73D
:107B60008046A9E752465B460F4EB047ACE700BFE0
:107B70008304000000000000FFFFEF7FFFFFEF41E4
:107B80008B04000087040000FFFFEFC1000000002D
:107B90000000E03F00000000000000008F04000033
:107BA0000000244000000000000000000000000071
:107BB00000000000000000000000000000000000C5
:107BC0000000000000000000004B1847000000000B
:107BD00038B5094D0446A847E060236820465B6934
:107BE0009847002807DAA847E368C01AA3689842B4
:107BF000F3D34FF0FF3038BD0000000081607047C4
:107C00002DE9F04107460D460C46DFF81C808E1822
:107C1000B44202D1601BBDE8F0813846C047031E64
:107C2000F8DB04F8013BF3E70000000000230A68DA
:107C300002604A68C1E9003342608A688B608260F2
:107C40007047000010B50446006808B1014B984722
:107C5000204610BD0000000010B50446006808B1C1
:107C6000034B98470023C4E90133236010BD00BFD4
:107C70000000000038B504460D460068034B013192
:107C8000984710B1C4E90005012038BD000000008C
:107C900010B50368044613B143688B4207D22046EF
:107CA000044B984720B1A3680BB9226813700120D8
:107CB00010BD00BF0000000070B50B4B0E46114612
:107CC00004461546984720B92046084B9847204659
:107CD00070BD2A463146064B2068A56098470021B2
:107CE0002268A368D154F2E7000000000000000001
:107CF0000000000038B5002304460D46C0E90033FB
:107D0000836039B10846044B984729460246034B25
:107D100020469847204638BD0000000000000000C3
:107D2000884238B505460C460CD0074B006898478A
:107D300023682B60A368AB6063686B600023C4E9B1
:107D40000133236038BD00BF00000000884210B539
:107D50000B46044604D0096821B19A68034B984742
:107D6000204610BD024B9847FAE700BF0000000014
:107D700000000000002310B50446C0E90033836012
:107D8000014B9847204610BD0000000010B5044686
:107D9000014B9847204610BD0000000038B505464D
:107DA0000C4649B10846064B984721460246054B0A
:107DB00028469847284638BD034B9847FAE700BF46
:107DC00000000000000000000000000010B50023CB
:107DD00004468AB0C4E90033A3600846044B01A9F5
:107DE00098472046034B01A9984720460AB010BD8A
:107DF0000000000000000000F8B5044616460F46DB
:107E0000856809B90020F8BD82B115442946084BA0
:107E100098470028F6D0A3682068324618443946AF
:107E2000044B984700222368A5605A550120EAE7D1
:107E300000000000000000008A68014B0968184734
:107E40000000000007B5054B8DF8071001220DF169
:107E50000701984703B05DF804FB00BF0000000075
:107E6000034600680A46096828B911B1936843B906
:107E700019460846704739B999680029F9D0017840
:107E8000F7E709784942F4E7004B18470000000083
:107E900008B582688B689A4205D1044B9847B0FABE
:107EA00080F0400908BD0020FCE700BF0000000092
:107EB00008B582682AB959B10878B0FA80F040094B
:107EC00008BD006809B90078F7E7024B9847F4E766
:107ED0000120F5E700000000F0B503468BB008462E
:107EE00061B3911E222935D80A2A06D1002B04DA63
:107EF00001275B4201AD29460DE00027FAE7B3FBFD
:107F0000F2F602FB1633092BDCB21BD83033DBB29E
:107F100001F8013B3346002BF1D1A94210D00346B2
:107F200017B12D2203F8012B1C460A46AA420CD891
:107F30004A1B8D4288BF0022002199540BB0F0BD2E
:107F40001E46E3E704F15703E1E712F8016D04F878
:107F5000016BEBE70020F1E7004B18470000000041
:107F6000004B184700000000004B184700000000BD
:107F7000004B184700000000004B184700000000AD
:107F8000004B184700000000004B1847000000009D
:107F9000004B184700000000004B1847000000008D
:107FA000004B184700000000004B1847000000007D
:107FB000004B184700000000004B1847000000006D
:107FC000004B18470000000040F2000CC0F2000C0B
:107FD000604740F2000CC0F2000C604740F2000C19
:107FE000C0F2000C604740F2000CC0F2000C604789
:107FF00040F2000CC0F2000C604740F2000CC0F2EE
:10800000000C604740F2000CC0F2000C604740F2E8
:10801000000CC0F2000C604740F2000CC0F2000CF3
:10802000604740F2000CC0F2000C604740F2000CC8
:10803000C0F2000C604740F2000CC0F2000C604738
:1080400040F2000CC0F2000C604740F2000CC0F29D
:10805000000C604740F2000CC0F2000C604740F298
:10806000000CC0F2000C604740F2000CC0F2000CA3
:10807000604740F2000CC0F2000C6047004B18470C
:108080000000000008B5014B984700BF0000000049
:108090007047000038B5054B9847054B9847054B8E
:1080A0009847054D054CA847A047FCE70000000095
:1080B00000000000000000000000000000000000C0
:1080C000012838BF0120014B184700BF0000000005
:1080D000004B18470000000008467047004B184747
:1080E000000000002DE9F04F154C164E164FDFF83A
:1080F0005C8089B02546B54204F1300402D309B052
:10810000BDE8F08F14ED027B54E90C0154E90A2319
:1081100054E908CE54E9069A54F810BC8DED067B5C
:10812000CDE903ABCDE901E9CDF800C0B84754F87B
:10813000300C54F80C1CC04754F8303C5D65D9E74E
:10814000000000000000000000000000000000002F
:10815000F0B587B004461422314B002101A898479E
:1081600002230E2C0DEB03020493039243D00F2C39
:1081700043D0102C06D0112C41D0122C41D0132CFE
:1081800047D10523274C1A0104EB03118E7B102ED7
:1081900042D8A558002211469A424FEA021732D11E
:1081A0002846214B9847AB68B91D28461B682144D7
:1081B000984700281DDB01233C4422798DF8146088
:1081C00093400293E37B8DF81530AB6828465B68DB
:1081D00001A9984700280CDB144B9DF814201B685C
:1081E000BDF802009A4204D0CBBFD21A9B1A1041AC
:1081F000984007B0F0BD0023C4E70123C2E7032382
:10820000C0E70423BEE7E0590132854208BF0131CF
:10821000C2E76FF01500ECE76FF08500E9E700BFFB
:10822000000000000000000000000000200000002E
:10823000034670B40C46DA88006819792243012499
:1082400005698C402B6812F0010F866814BF234328
:10825000A3432B60336870BC18470000452813D82F
:10826000032911D8DFE801F0020D090B4FF480312A
:10827000064B03EBC000064B18470649F8E70649D2
:10828000F6E74FF4C021F3E7704700BFE8000000B5
:1082900000000000100001002000010045280346F6
:1082A0000A4615D80B4951F8300001EBC3010123F0
:1082B000097903FA01F103691B68194203D022B15D
:1082C00083681B6903E0002AFAD08368DB681847DB
:1082D000704700BFE80000004528034637B518D8AE
:1082E0000D4A52F8300002EBC30214790569836825
:1082F00001A95B68984720B1431E5842584103B01A
:1083000030BD01202A68019B00FA04F45340234247
:10831000F5D10020F3E700BFE8000000004B18474C
:108320000000000010B5034B9847034C0A220023BD
:10833000A04710BD00000000000000002DE9F3413F
:10834000056A0446002D3AD12A4B2046984730B999
:10835000294B2046984710B110F1780F2CD10023FB
:10836000264A52F8330002EBC30184422DD14868FB
:1083700078BB002020E0013335F81320024492B28C
:108380008A42F8D924221E4F1E4E05EB4308F61BE5
:10839000B6FBF2F6A845D7D035F9023B002BF9DD44
:1083A0009E42F7D3013B1BB203EBC30307EB8300F1
:1083B000FFF7C4FF0028EDDA02B0BDE8F08100232A
:1083C00047F6FF704FF6FD71D6E70133112BC8D188
:1083D000CFE700210C4B01AA9847002807DB019B3F
:1083E000002219791868094B98470028C1DA831CC4
:1083F000BFD0E1E7000000000000000060000000C6
:10840000000000000000000000000000000000006C
:1084100037B50D46044650B3184B9847D8B10023E2
:10842000174A52F8330002EBC30184421AD148685C
:10843000B0B10221134B01AA9847002810DB019B21
:108440001A79AA4216D91868002201210E4B00EBB6
:10845000C500984704E00D4B204698470028DEDA17
:1084600003B030BD0133112BDBD10020F8E76FF0F2
:108470001500F5E76FF02100F2E700BF00000000F3
:10848000600000000000000000000000000000008C
:1084900008B1024B18476FF015007047000000004C
:1084A0008368DB6903B118477047036840F21342E1
:1084B0001B6A184707B503688DF8071001225B682F
:1084C0000DF10701984703B05DF804FB01207047E8
:1084D000004B18470000000000490847000000005A
:1084E00037B5044600F1D4054FF0FF324FF0FF33AB
:1084F00028460A4988470A4B04F1800001220DF101
:10850000070198470446074B284698471CB19DF839
:10851000070003B030BD4FF0FF30FAE70000000065
:10852000000000000000000037B5044600F1D4054B
:108530004FF0FF324FF0FF3328460A4988470A4B75
:1085400004F1800001220DF1070198470446074B12
:10855000284698471CB19DF8070003B030BD4FF086
:10856000FF30FAE7000000000000000000000000FB
:1085700038B5044600F16805284608494FF0FF3237
:108580004FF0FF338847228C238B646A9B1A9BB27F
:108590002846E41A024B9847204638BD00000000E8
:1085A0000000000070B5054600F1D4064FF0FF3220
:1085B000304607494FF0FF338847B5F88A30B5F8A1
:1085C00086403046E41AA4B2024B9847204670BD5C
:1085D0000000000000000000002337B58DF80730D0
:1085E00002F00F03012B0446009146D0991E4B4226
:1085F0004B418DF8043002F0F003202B3FD0302B9C
:108600000CBF0323012302F47062B2F5007F8DF8E2
:10861000053036D0B2F5407F35D0B2F5807F0CBF43
:10862000002303238DF806302069184B98472069F2
:108630008368DB680BB1694698472069836823B17A
:108640009B6C13B122461249984704F1D4054FF0B0
:10865000FF3228460F494FF0FF3388470023284652
:10866000C4E92133C4F88C300B4B984720698368E8
:108670009B6A03B1984703B030BD0223B9E70223D8
:10868000C1E70123CEE70223CCE700BF00000000D2
:108690000000000000000000000000000069014B25
:1086A000184700BF0000000038B50446084D628B33
:1086B000E38B9A4207D1064D206983681B6B0BB18F
:1086C000984710B138BDA847F1E7A847F4E700BFC5
:1086D000000000002DE9F84F0446884615460026A4
:1086E000DFF85890DFF858B004F168074FF0FF3218
:1086F0004FF0FF333846C847AA1B08EB06010C4B66
:1087000004F11400984782463846D8475644BAF1D7
:10871000000F04D12069074B9847074B9847B54293
:10872000E2D12069034B98472846BDE8F88F00BF87
:108730000000000000000000000000000000000039
:10874000000000002DE9F3470446006983685B6C74
:1087500043BB04F1D4060022002330462F4DA84726
:108760002F4F206983685B6B13BB206983689B690B
:1087700013BB304604F168072A4EB047002200239D
:108780003846A847628BE38B9A4204D120698368FC
:108790001B6A03B19847DFF89090DFF890A004F1CE
:1087A00014081BE098470028D3D102B0BDE8F08739
:1087B00098470028D9D1DCE7082269469847021E6D
:1087C000D7DD082AA8BF0822694604F18000B8470F
:1087D0000028C6DACDE769464046D047206983685D
:1087E0005B6ABBB9658BE38BED1AADB27DB1082D29
:1087F00028BF082569462A464046C847206983683D
:108800005B6923B12A4669469847021EE3DA384677
:10881000B047CAE798470028E4D1F8E70000000015
:108820000000000000000000000000000000000048
:108830000846014B184700BF0000000010B5044671
:108840000122074B11465430984704F1140323606A
:108850000023C4E90133E36040232361204610BDB7
:10886000000000002DE9F0414FF000084FF47A7746
:10887000134D144E144B154C05F114002B61C5E932
:1088800001872E60A04705F18000114DA047114BD4
:1088900005F114002B61C5E901872E60A04705F1A1
:1088A00080000D4DA0470D4B05F11400C5E901876F
:1088B0002E602B61A04705F18000A047BDE8F08144
:1088C00000000000080000000000000000000000A0
:1088D0000000000000000000000000000000000098
:1088E00008B5FFF7FEFF08B5FFF7FEFF08B5FFF775
:0288F000FEFF89
:100000000000000009010904FF3F090000000E0084
:10001000000000000A010904FF3F0A0000000E0072
:10002000000000000B010904FF3F0B0000000E0060
:10003000000000000C010904FF3F0C0000000E004E
:100040000000000002010904FF3F020000000E0052
:100050000000000001010904FF3F010000000E0044
:100060000000000048040000000000004004000000
:1000700000000000500400000000000058040000D0
:1000800000000000600400000000000020040000E8
:100090000000000028040000000000003004000000
:1000A0000000000088040000000000006804000058
:1000B0000000000070040000000000007804000050
:1000C0000000000080040000000000009004000018
:1000D00000000000180400000000000038040000C8
:1000E0000000000000000000000000000700000009
:1000F00000000000060000000000000003000000F7
:100100000000000000000000000000000C000000E3
:10011000000000000B0000000000000001000000D3
:1001200000000000020000000000000004000000C9
:1001300000000000080000000000000009000000AE
:10014000000000000F000000000000000E00000092
:10015000000000000D00000000000000040000008E
:100160000000000005000000000000000600000084
:100170000000000007000000000000000100000077
:100180000000000000000000000000000B00000064
:10019000000000000A000000000000000200000053
:1001A000000000000300000000000000010000004B
:1001B0000000000006000000000000000200000037
:1001C0000000000007000000000000000200000026
:1001D0000000000008000000000000000300000014
:1001E0000000000009000000000000000500000001
:1001F00000000000040000000000000006000000F5
:1002000000000000040000000000000007000000E3
:1002100000000000060000000000000008000000D0
:100220000000000007000000000000000E000000B9
:100230000000000009000000000000000F000000A6
:1002400000000000050000000000000003000000A6
:100250000000000008000000000000000000000096
:100260000000000008000000000000000100000085
:10027000000000000A000000000000000A0000006A
:10028000000000000B000000000000000C00000057
:10029000000000000D000000000000000E00000043
:1002A000000000000F00000000000000000000003F
:1002B000000000000100000000000000020000003B
:1002C0000000000003000000000000000400000027
:1002D0000000000005000000000000000600000013
:1002E00000000000070000000000000008000000FF
:1002F0000000000009000000000000000A000000EB
:10030000000000000D0000000000000002000000DE
:100310000000000003000000AC020000000000002C
:100320006C030000000100009403000006020000BE
:10033000AC02000002000000BC020000020000004D
:10034000CC020000020000006C030000020100006B
:10035000DC02000002000000EC02000002000000CD
:10036000FC020000020000000C030000040000007A
:100370002C030000040000007C03000003010000C7
:100380004C030000040000006C03000000000000AB
:100390009403000000010000C403000003020000F9
:1003A000DC03000000000000DC030000000100008E
:1003B000DC03000003020000DC030000000000007A
:1003C000DC03000000010000F40300000202000052
:1003D000DC03000000000000DC030000000100005E
:1003E0000404000003020000DC0300000000000021
:1003F000DC030000000100001C04000004020000F7
:10040000DC03000000000000DC030000000100002D
:100410003C0400000102000018030000030000007B
:10042000300300000100000038030000010000005C
:100430004003000002000000500300000100000023
:1004400058030000010000006003000001000000EC
:1004500068030000010000007003000002000000BB
:10046000800300000100000088030000030000007A
:10047000A003000003000000B80300000300000018
:10048000D003000003000000E803000003000000A8
:100490000004000003000000000000000000000055
:1004A000000000000000000000000000000000004C
:1004B000000000000000000000000000000000003C
:1004C000000000000000000000000000000000002C
:1004D000000000000000000000000000000000001C
:1004E000000000000000000000000000000000000C
:1004F00000000000000000000000000000000000FC
:1005000000000000000000000000000000000000EB
:1005100000000000000000000000000000000000DB
:1005200000000000000000000000000000000000CB
:1005300000000000000000000000000000000000BB
:1005400000000000000000000000000000000000AB
:10055000000000000000000000000000000000009B
:10056000000000000000000000000000000000008B
:08057000000000000000000083
:100578005E00BC00770141435449564500434C4551
:100588004152005B4D43555D20416C657274207388
:1005980074617465202D3E2000005EBCE2613FDD81
:1005A80083C29C7E20A3FD1F41009D23BE46DB65C0
:1005B800F88C11AF32CA57E974556E657870656367
:1005C80074656420726573706F6E736520747970DA
:1005D8006500556E65787065637465642052504394
:1005E80020726573706F6E73652073697A65005247
:1005F8006573756C74206E6F7420706172736162BC
:100608006C652028636865636B20747970652900C0
:10061800525043204572726F72206E6F7420706161
:10062800727361626C652028636865636B207479F6
:1006380070652900556E657870656374656420720D
:100648006573706F6E7365207479706500556E659B
:1006580078706563746564205250432072657370C6
:100668006F6E73652073697A6500526573756C7473
:10067800206E6F74207061727361626C65202863EC
:100688006865636B20747970652900525043204572
:1006980072726F72206E6F74207061727361626C17
:1006A800652028636865636B207479706529005F2D
:1006B8005F736166655F5F004D43552073746172B7
:1006C80074696E67205250432042726964676520DE
:1006D800636F6D6D756E69636174696F6E006272C8
:1006E8006964676500242F726573657400242F732D
:1006F80065744D61784D736753697A650047505248
:100708004D4300474E524D4300475047474100472D
:100718004E474741006D6F6E2F72656164006D6FC3
:100728006E2F7772697465006D6F6E2F636F6E6ED2
:10073800656374656400546869732063616C6C2038
:100748006973206E6F7420796574206578656375A8
:1007580074656400546869732063616C6C20697304
:10076800206E6F206C6F6E67657220617661696CB0
:1007780061626C6500556E73657269616C697A6156
:10078800626C6520706172616D6574657273206159
:1007980072726179004D697373696E672063616C69
:1007A8006C20706172616D657465727320285741A1
:1007B800524E494E473A2044656661756C74207004
:1007C8006172616D207265736F6C7574696F6E20EC
:1007D8006973206E6F7420696D706C656D656E74D9
:1007E80065642900546F6F206D616E7920706172A5
:1007F800616D65746572730057726F6E67207479E6
:10080800706520706172616D6574657220696E2013
:10081800706F736974696F6E3A20000044030000BA
:1008280040020000640300004002000004040000CD
:100838004002000024040000400200008407000079
:1008480040020000A4070000400200006901000007
:1008580000000000890100000000000047030000BC
:10086800000200006703000000020000C702000049
:1008780000020000E702000000020000E80C00008F
:1008880000020000080D000000020000C80C000073
:1008980000000000A80C000000020000A5030000F2
:1008A80080050000C503000000040000E503000007
:1008B800000400002503000000020000260D0000CF
:1008C80080050000460D000000040000A60200009C
:1008D80000040000860D000000020000C40B0000A8
:1008E80040020000E40B0000400200002506000062
:1008F80080050000450400000004000065040000B5
:10090800000400009000000000000000B00000009B
:1009180000000000D000000000000000F00000000F
:100928000000000030040000000000001004000077
:100938000000000061020000000000004103000008
:100948000000000061030000000000000202000037
:1009580000000000220200000000000082020000E7
:100968000000000002030000000000002203000055
:1009780000000000420F000000000000620F0000AD
:1009880000000000820F000000000000610100006C
:1009980000000000E103000000000000A1030000C7
:1009A80000000000C1030000000000004302000036
:1009B80000000000546869732063616C6C206973DF
:1009C800206E6F206C6F6E67657220617661696C4E
:1009D80061626C6500546869732063616C6C20699E
:1009E80073206E6F742079657420657865637574FB
:1009F8006564006E616E00696E66006F7666002E33
:100A0800000D0A00766563746F723A3A7265736511
:100A180072766500766563746F723A3A5F4D5F72FD
:100A2800616E67655F696E73657274000000766554
:100A380063746F723A3A5F4D5F7265616C6C6F6395
:100A48005F696E7365727400766563746F723A3AA3
:100A58005F4D5F7265616C6C6F635F696E73657221
:100A68007400696D755F6461746100696D755F73A9
:100A78007461747573006770735F64617461005B9F
:100A88004D43555D205475726269646974792072AA
:100A980061773D00202054656D703D002043007350
:100AA800656E736F725F64617461006D6F6E2F6342
:100AB8006F6E6E656374656400242F766572736962
:100AC8006F6E005B4D43555D204D505536303530C7
:100AD80020666F756E6420E280942063616C6962A1
:100AE800726174696E6720286B6565702063617038
:100AF80073756C65207374696C6C292E2E2E005BDF
:100B08004D43555D204D5055363035302072656166
:100B18006479005B4D43555D204D50553630353076
:100B280020696E6974206661696C65642C20737431
:100B3800617475733D005B4D43555D204932432018
:100B4800627573207363616E20E280942066697217
:100B580073742064657669636520666F756E6420BA
:100B680061743A203078007365745F616C657274E3
:100B780000242F7265676973746572005B4D435575
:100B88005D204D6172696E6553656E74696E656C42
:100B980020726561647920E280942073616D706CC5
:100BA800696E672065766572792032207300537903
:100BB8007374656D204865617020656E643A202500
:100BC800700A0053797374656D20486561702073ED
:100BD800746172743A2025700A00536B65746368F7
:100BE80020486561702073746172743A2025702CF6
:0F0BF8002073697A652025700A006D61696E00AF
:1088F400FF00000000000000000000000000000075
:108904000000000000000000000000000000000063
:048914000A00000055
:0898DC008A06000000000000F4
:1098E4000000000000000000000000000000000074
:1098F4000000000000000000000000000000000064
:109904000000000000000000000000000000000053
:0C99140000000000000000000000000047
:0400000300008095E4
:00000001FF
